negyedev,y_e_a,y_S_e_a,y_L_e_a,ii_e_a,i_S_e_a,i_L_e_a,efp_S_e_a,efp_L_e_a,nw_S_e_a,nw_L_e_a,infl_e_a,r_e_a,rer_e_a,xx_e_a,c_e_a,y_e_m,y_S_e_m,y_L_e_m,ii_e_m,i_S_e_m,i_L_e_m,efp_S_e_m,efp_L_e_m,nw_S_e_m,nw_L_e_m,infl_e_m,r_e_m,rer_e_m,xx_e_m,c_e_m,y_e_g,y_S_e_g,y_L_e_g,ii_e_g,i_S_e_g,i_L_e_g,efp_S_e_g,efp_L_e_g,nw_S_e_g,nw_L_e_g,infl_e_g,r_e_g,rer_e_g,xx_e_g,c_e_g,y_e_ystar,y_S_e_ystar,y_L_e_ystar,ii_e_ystar,i_S_e_ystar,i_L_e_ystar,efp_S_e_ystar,efp_L_e_ystar,nw_S_e_ystar,nw_L_e_ystar,infl_e_ystar,r_e_ystar,rer_e_ystar,xx_e_ystar,c_e_ystar,y_e_rstar,y_S_e_rstar,y_L_e_rstar,ii_e_rstar,i_S_e_rstar,i_L_e_rstar,efp_S_e_rstar,efp_L_e_rstar,nw_S_e_rstar,nw_L_e_rstar,infl_e_rstar,r_e_rstar,rer_e_rstar,xx_e_rstar,c_e_rstar,y_e_sov,y_S_e_sov,y_L_e_sov,ii_e_sov,i_S_e_sov,i_L_e_sov,efp_S_e_sov,efp_L_e_sov,nw_S_e_sov,nw_L_e_sov,infl_e_sov,r_e_sov,rer_e_sov,xx_e_sov,c_e_sov,y_e_bank,y_S_e_bank,y_L_e_bank,ii_e_bank,i_S_e_bank,i_L_e_bank,efp_S_e_bank,efp_L_e_bank,nw_S_e_bank,nw_L_e_bank,infl_e_bank,r_e_bank,rer_e_bank,xx_e_bank,c_e_bank
1,0.00319654721172288,0.00319267199879351,0.003201283583081,0.000300486827925731,-0.000179107951587102,0.000780081607438564,0.000482435579736392,0.000154855756761388,-0.00849284057336391,-0.00577308177928711,-0.00424632421525136,-0.00119398358428234,0.00203601733230756,0.00203601733230756,0.00153851317966693,-0.00470998619663632,-0.00471531364543183,-0.00470347487033068,-0.00343705875029453,-0.00410281010298313,-0.00277130739760593,0.000807729086569427,0.000298576462722183,-0.0238217469528562,-0.021926374315064,-0.00483684062901046,0.000931198156380955,-0.00299999120804861,-0.00299999120804861,-0.000722536773915399,0.00116960922114121,0.00116980046951908,0.00116937547312381,-0.000151543223880461,-0.00012785038173208,-0.000175236066028842,-1.75805173036272e-05,-4.16163383068931e-06,-2.98135921463839e-05,-0.000234389375188355,0.000128090004555427,6.76672318951584e-05,-0.00052891132411388,-0.00052891132411388,-0.000251822860049215,0.00348068255721453,0.00348111718079515,0.00348015135061599,1.26446907204754e-06,5.86142335863395e-05,-5.60852954422445e-05,-6.18791247017513e-05,-2.04259960609453e-05,0.00117931968483469,0.00087968443205561,3.52588970450167e-05,9.75947330438684e-05,-0.00287854614190157,0.00712145385809843,-0.000117569606077625,0.00571559798643821,0.00571647664545669,0.00571452406986007,-0.0019937485325649,-0.00185399009894384,-0.00213350696618597,-0.000337594392924729,-0.000106016826362644,0.00094524821557893,-8.6263771487225e-05,0.00430347259362932,0.00143393172774975,0.00364050827161669,0.00364050827161669,-0.00127899575242138,-0.000100176483707077,-0.000107918999911116,-9.07134083465691e-05,-0.00269662919565927,-0.00369334071176637,-0.00169991767955218,0.00150048266847306,0.000558149551761372,-0.0135003964384278,-0.00719976972893774,-1.3099873046503e-05,-6.43437400662841e-06,-6.38066775204287e-05,-6.38066775204307e-05,6.99513778395165e-05,-3.21682924549388e-05,-3.4247650175085e-05,-2.96268552414205e-05,-0.00101569695591653,-0.00130483774211667,-0.000726556169716402,0.000688920179071199,0.000324976993511789,-0.00477671828336455,-0.00308340400412335,-8.61006855340223e-06,-3.38722787739383e-06,-2.04893582515531e-05,-2.04893582515534e-05,1.80560905595188e-05
2,0.00522494524881834,0.00521585287076999,0.00523605815532194,0.00111480878048643,0.000671439866175321,0.00155817769479754,0.000542226636974616,0.000182338535317905,-0.00733489646349645,-0.00521226869781464,-0.00246311427771004,-0.00156349751951842,0.0033279906043429,0.00332799060434289,0.00286929854411932,-0.0022313889064568,-0.00224388865275851,-0.00221611143875462,-0.00256675197790109,-0.00317088182753746,-0.00196262212826472,0.000813171264856352,0.000309106853734854,-0.021402911393628,-0.0203053074660766,-0.000683090612727633,0.000484246618625065,-0.00142126681939922,-0.00142126681939923,-0.000905454761834461,0.000752865744535335,0.000753314468924,0.000752317303615849,-0.000228642614155892,-0.000206163518120161,-0.000251121710191622,-2.76385973165604e-05,-7.94834930660491e-06,-5.50452988405696e-05,-0.000229983977886364,0.000135440647226113,0.000113587623297346,-0.000603270226410615,-0.000603270226410614,-0.000441653545149855,0.0017930545882233,0.00179407434171187,0.00179180822284842,-0.000278230777509138,-0.000225686284108961,-0.000330775270909318,-9.5903397964605e-05,-3.26574165906534e-05,0.00102629743104627,0.000799801522375697,0.000443636472669215,0.000255993092941442,-0.00318913720495331,0.00531086279504669,-0.000269076678257032,0.00346669929147752,0.00346876088141263,0.0034641795704456,-0.00197367229839622,-0.0018728120292651,-0.00207453256752734,-0.000302580559735605,-9.77715924935161e-05,0.000384842327554444,-0.000268275155245166,0.000434927981954454,0.00136429125907307,0.00220808872068633,0.00220808872068632,-0.00197449202995728,-0.000124513293037731,-0.000142679490781173,-0.000102310162462377,-0.00245477532300559,-0.00332173261360149,-0.00158781803240969,0.00132538460354319,0.000513288044699373,-0.0105446429604274,-0.00585883340527023,1.36128652485252e-05,-4.17647195668978e-06,-7.93078299603303e-05,-7.93078299603387e-05,0.000114907894476149,-3.83328578855284e-05,-4.32116366349767e-05,-3.2369906080636e-05,-0.000874150118592593,-0.00110679042674134,-0.000641509810443852,0.000584749488504268,0.000285319488408399,-0.00349072369700811,-0.00235808673782021,2.35278879954298e-06,-2.96226710919056e-06,-2.44158330481041e-05,-2.44158330481074e-05,2.95473506157947e-05
3,0.00578348278559065,0.00576878500395001,0.00580144674092927,0.0014840894949646,0.00108677838000995,0.00188140060991924,0.000532148501708132,0.00018586658413067,-0.00614396715212025,-0.0046311952871027,-0.00186222298863679,-0.00166487784256601,0.00368374699719151,0.0036837469971915,0.00386059339305967,-0.00105148471039599,-0.0010716538777268,-0.00102683350588048,-0.00207297249191728,-0.00261147656948381,-0.00153446841435075,0.000766569970643424,0.000301001874238187,-0.019096745501365,-0.0187467867973338,-0.000314804878894748,0.000266668713471738,-0.000669735484328641,-0.000669735484328655,-0.000873687053873842,0.000533267955744348,0.000533993179589046,0.000532381571045268,-0.00025482979373416,-0.000234985413717712,-0.000274674173750606,-2.91853227168465e-05,-8.90020834958023e-06,-9.43037018197086e-05,-0.0002324540028984,7.78639585272285e-05,0.000127560985089656,-0.000580721047296594,-0.000580721047296593,-0.000567390291766281,0.000926451029492398,0.000928079177718881,0.000924461070548947,-0.000360643623391836,-0.000317845543590085,-0.00040344170319359,-9.75206342121013e-05,-3.4128214687348e-05,0.000829209394587751,0.00070241603659883,0.000214029494420009,0.000292164598416465,-0.00309143246529146,0.00413356753470853,-0.00036673890907833,0.00216007704823594,0.00216323297494836,0.00215621980447621,-0.00179113291093736,-0.00172638985228191,-0.00185587596959281,-0.000247469693433937,-8.20198768707207e-05,-9.43222396213714e-05,-0.000426694971290244,0.000190498419379813,0.0012025844592783,0.00137584525365348,0.00137584525365346,-0.00222658085629376,-0.000144021073295015,-0.000173167391102365,-0.000108397795974893,-0.00223898229481824,-0.00299322667906606,-0.00148473791057042,0.00117065649833254,0.000472020989244748,-0.00800282621502039,-0.00466378799644757,1.63526852635496e-05,-2.03589881866386e-06,-9.17331677038249e-05,-9.17331677038321e-05,0.000142271624677743,-4.38058108476988e-05,-5.15112419236327e-05,-3.43880617548825e-05,-0.000752188448837209,-0.000937581980036779,-0.00056679491763764,0.000495040406430188,0.000250180824993215,-0.00242736828963122,-0.00173873340005144,3.72822767230828e-06,-2.34649065685273e-06,-2.79017903488502e-05,-2.79017903488528e-05,3.6253133698888e-05
4,0.00568126345858126,0.00566112687759916,0.0057058748353372,0.00163663732832829,0.00128625628133111,0.00198701837532546,0.00049294796470164,0.000178645508909633,-0.00502790307191791,-0.00407297500113792,-0.00150897153577311,-0.00164256214832021,0.00361863914559317,0.00361863914559316,0.00452331852595934,-0.000495448282872049,-0.000523040165697774,-0.000461724870529436,-0.00176866150264054,-0.00224431592423383,-0.00129300708104725,0.000700557044703758,0.000284949781228744,-0.0169767218709188,-0.0172804366634935,-0.000136522901862582,0.000159991893146823,-0.000315572154695561,-0.000315572154695574,-0.000770811335234546,0.000410492540779471,0.000411482455313883,0.000409282645237409,-0.000257458421113448,-0.000240580496845752,-0.000274336345381143,-2.71355769843533e-05,-8.60136457301951e-06,-0.000133950207258325,-0.000236473418927863,4.89944722454572e-05,0.000127009443264851,-0.000520864623707343,-0.000520864623707342,-0.00063969271182894,0.000465828428458659,0.0004680034423745,0.000463170078117103,-0.000355965670706054,-0.000323669643620362,-0.000388261697791749,-8.63040418947449e-05,-3.11593251344083e-05,0.000639517560855962,0.000607314897455864,0.000101562839892609,0.000275846241412421,-0.00283259335766964,0.00330865664233036,-0.000396982118948467,0.0013484803119132,0.0013524575417067,0.00134361925327663,-0.00155605417079553,-0.00152178471478667,-0.00159032362680439,-0.000190447104864237,-6.4817273436571e-05,-0.000465760061659872,-0.000549510156326011,7.09251765064877e-05,0.00101705712817241,0.000858904657269573,0.000858904657269558,-0.00217671117817494,-0.000159792645925616,-0.000199404015965731,-0.000111378749209896,-0.00204644297579143,-0.00270284579972149,-0.00139004015186138,0.00103392171210587,0.000434055650602973,-0.00582328702680391,-0.00360102170802754,1.88778026313627e-05,3.98055863356677e-08,-0.000101778755366629,-0.000101778755366635,0.000157243495528854,-4.829321581159e-05,-5.8526596729818e-05,-3.5785750244861e-05,-0.000647132283919369,-0.000793159827074694,-0.000501104740764045,0.000417899241972253,0.000219072038143145,-0.00155353845737578,-0.00121210393012329,4.75784643821483e-06,-1.65716898930786e-06,-3.07600100710744e-05,-3.07600100710764e-05,3.95263144380397e-05
5,0.00530270109529918,0.00527758409673093,0.00533339964910487,0.00168333398045739,0.00137691325685258,0.00198975470406219,0.000443789472808934,0.000166995187837017,-0.00402722701197556,-0.00355535676917237,-0.00128162125374932,-0.00156596856739849,0.00337751662120968,0.00337751662120967,0.00491503794007493,-0.000238429378724933,-0.000272821601860723,-0.000196394439336692,-0.00156275735027549,-0.00198101583399312,-0.00114449886655787,0.00063021072308792,0.000266022994847278,-0.0150630390694232,-0.0159156155898093,-4.9937156931435e-05,0.000107051632969913,-0.000151865846321603,-0.000151865846321614,-0.000656812522171388,0.000336032812780614,0.000337258663485809,0.000334534550807593,-0.000249647216425706,-0.000235596939601761,-0.000263697493249651,-2.37892100724633e-05,-7.80213534346644e-06,-0.000168498773911622,-0.000239766646218548,3.41429640228796e-05,0.000120251264138262,-0.000450942475935915,-0.000450942475935914,-0.000671731110024408,0.000209571233499904,0.000212188085437248,0.000206372858909839,-0.00031615897376395,-0.000293408112901692,-0.000338909834626212,-7.12171184468433e-05,-2.66832960378819e-05,0.000476359539133144,0.00052218663865934,4.6050287226269e-05,0.000239731360135314,-0.00252641959649687,0.00269364290350312,-0.000372193175020331,0.000809959239955402,0.000814425953540626,0.000804499923351173,-0.00131798483422554,-0.00130801956736453,-0.00132795010108656,-0.000138913048609227,-4.87385682821744e-05,-0.000731951657970509,-0.000635951006574474,1.24731457308226e-05,0.000837636627256055,0.000515897605067152,0.000515897605067135,-0.00194088560700344,-0.000172586947173243,-0.00022165595549376,-0.000112613714781481,-0.00187462398869194,-0.00244616619678338,-0.00130308178060051,0.000913084801014505,0.000399125882537933,-0.0039605616730628,-0.00265811781669143,2.11786915035307e-05,2.07077824079487e-06,-0.000109927991830086,-0.000109927991830091,0.000163496027941192,-5.17769115072473e-05,-6.41111031006638e-05,-3.6701788448623e-05,-0.000556710413996746,-0.000670072164419834,-0.00044334866357366,0.000351662083520613,0.000191552432611505,-0.000840654686709161,-0.000766479626580548,5.56331350573227e-06,-9.51163927408244e-07,-3.29789245269075e-05,-3.2978924526909e-05,4.03734444564378e-05
6,0.00482825939520249,0.0047987490454242,0.00486432760048709,0.00167825985417351,0.0014114021496179,0.00194511755872911,0.000393470732689799,0.000153913450416745,-0.00315130566270723,-0.0030840948880902,-0.00112076163552875,-0.00146829685969736,0.003075324455543,0.00307532445554298,0.00510020014358191,-0.000124137463223068,-0.000164548428514537,-7.47462834223367e-05,-0.00141056903573406,-0.00177765785700223,-0.00104348021446589,0.000562222888224099,0.000246593096409675,-0.0133519668168584,-0.0146522993968748,-7.6515561274957e-06,8.02424029571124e-05,-7.90684479127733e-05,-7.90684479127831e-05,-0.000554072715207697,0.000286356340790761,0.000287782114807553,0.000284613728103568,-0.000237648141653184,-0.000226106844700928,-0.000249189438605439,-2.0193298054837e-05,-6.85191221275828e-06,-0.000196233434526182,-0.00024149056677376,2.61921456835731e-05,0.000111217563535453,-0.000382837123700152,-0.000382837123700151,-0.000675346165070299,5.91203176040756e-05,6.20600876979165e-05,5.55272652671794e-05,-0.000265333792835982,-0.000250599007527129,-0.000280068578144838,-5.61816826797264e-05,-2.20151739268773e-05,0.000344291542137278,0.000449181413939787,1.83675939922783e-05,0.000198773374246036,-0.00222326253655791,0.00221379058844208,-0.000310568161042028,0.000432033204092598,0.000436667861077001,0.000426368623333831,-0.00109775932667222,-0.00110638024509818,-0.00108913840824627,-9.52829518754839e-05,-3.47289034653961e-05,-0.000906501908958003,-0.000689811490001665,-1.58477321037642e-05,0.000676155812276024,0.000275180384772372,0.000275180384772355,-0.00160511083531143,-0.00018295291363662,-0.00024029283307954,-0.000112870789873035,-0.00172125320385596,-0.00221926488219421,-0.00122324152551771,0.000806296484179608,0.000366988465661311,-0.00237464469186761,-0.00182374818729644,2.3260187814145e-05,4.06085609596202e-06,-0.000116530518239881,-0.000116530518239885,0.000163634918715159,-5.43468500576053e-05,-6.83293537890744e-05,-3.72571232746962e-05,-0.000478971596237792,-0.000565353494885683,-0.000392589697589902,0.000294873237573247,0.000167226717427026,-0.000264095585422371,-0.000391502244936798,6.21004272274697e-06,-2.56589576543148e-07,-3.46158280621677e-05,-3.46158280621689e-05,3.95341941392854e-05
7,0.00434070615963135,0.00430742239986236,0.00438138631046013,0.00164796127227394,0.00141595770442455,0.00187996484012332,0.00034582974483482,0.000140795855419905,-0.0023956648658834,-0.00265938725457827,-0.00099711859374653,-0.00136525541189107,0.00276478099339577,0.00276478099339576,0.00513557803284662,-7.74517610652207e-05,-0.000123062986124328,-2.17047082151586e-05,-0.00128984870243337,-0.00161191185017438,-0.000967785554692372,0.000499308671636088,0.000227735212173525,-0.0118297896859149,-0.013486297060091,1.31931049809649e-05,6.62155598333557e-05,-4.93323318886674e-05,-4.93323318886763e-05,-0.000468744990737885,0.000249974771630567,0.000251563220381278,0.000248033334268586,-0.000224402195742419,-0.000215004804351972,-0.000233799587132864,-1.67983881268392e-05,-5.90792219648538e-06,-0.000217115575843221,-0.000241458274148992,2.16828794855313e-05,0.000101728283964787,-0.000321225643069703,-0.000321225643069701,-0.000659969766792439,-3.42287663896577e-05,-3.10808526727532e-05,-3.80762164880773e-05,-0.000214285873006097,-0.000205971877307587,-0.000222599868704611,-4.2751822122166e-05,-1.77042349705466e-05,0.000241680807357222,0.000388030675066303,4.388012602815e-06,0.00015947938401793,-0.0019435827333692,0.00182791242288079,-0.000228553578928571,0.000155770545944696,0.000160295273165692,0.000150240323785655,-0.000902733817727378,-0.000925019606617436,-0.000880448028837328,-5.97542593688022e-05,-2.29905707109238e-05,-0.00100600690036083,-0.00071635696334201,-2.91733817080425e-05,0.000536066898957019,9.92169082450461e-05,9.92169082450289e-05,-0.00122900265633021,-0.000191303928017901,-0.00025571300610258,-0.000112581721469949,-0.00158430069656453,-0.00201866817343227,-0.00114993321969679,0.000711923715437402,0.000337420422320582,-0.00103034180132123,-0.00108757854953185,2.5134320895257e-05,6.00638294489722e-06,-0.000121849635680188,-0.000121849635680192,0.000159517449297076,-5.61266944633487e-05,-7.13305454348219e-05,-3.75442099426581e-05,-0.000412227261377727,-0.000476444696368641,-0.000348009826386812,0.000246262426722105,0.000145741242898282,0.000197316514960087,-7.80261768119593e-05,6.73594870248343e-06,4.12345587926234e-07,-3.57494869193295e-05,-3.57494869193303e-05,3.75482112614735e-05
8,0.00387622733074536,0.00383977001093798,0.00392078627717663,0.00160559359787203,0.00140391817686017,0.00180726901888388,0.000302350779316824,0.000128266134536578,-0.00175022041044032,-0.00227896917594888,-0.000896024487629192,-0.00126410599253298,0.0024689346055703,0.00246893460557029,0.00506649637047956,-6.23276736563732e-05,-0.000112349397709656,-1.1900109245455e-06,-0.00118924893352103,-0.00147199170222266,-0.000906506164819395,0.000442324354102527,0.00020990450704248,-0.0104793510207324,-0.0124117375716915,2.36284845799647e-05,5.85028013992711e-05,-3.96991551951347e-05,-3.96991551951428e-05,-0.000400498168558338,0.000221215140417229,0.000222931157574791,0.00021911778611354,-0.000211256230599602,-0.000203649731628725,-0.000218862729570477,-1.37743024792215e-05,-5.03587830010714e-06,-0.000231793347003853,-0.000239768533701863,1.89257999386133e-05,9.25907456638463e-05,-0.00026747709308616,-0.000267477093086159,-0.000632645791192702,-9.49823385512177e-05,-9.17275005544671e-05,-9.89604738805639e-05,-0.000167494577952127,-0.000164147040119377,-0.000170842115784881,-3.13940341624817e-05,-1.39428433114411e-05,0.000164613997363662,0.000337513948352246,-2.7660490388973e-06,0.000124379134038893,-0.00169401213044663,0.00151175875236586,-0.000138694284837784,-5.12577015148272e-05,-4.70647950420048e-05,-5.6382364981645e-05,-0.000734100906864599,-0.000765987811016212,-0.000702214002712994,-3.16140371570281e-05,-1.34052720594718e-05,-0.00104653302958337,-0.000720945043199355,-3.49452192989548e-05,0.000417088510838053,-3.26482175253503e-05,-3.26482175253674e-05,-0.000851524507392157,-0.000197962876029497,-0.000268306063975973,-0.000111987868539352,-0.00146195725429032,-0.00184130321654972,-0.00108261129203094,0.000628523834127121,0.000310216936747698,0.000103299336209687,-0.000440183229826828,2.68162252290888e-05,7.90090202390492e-06,-0.000126091003840441,-0.000126091003840444,0.00015247325224758,-5.72421954476182e-05,-7.32884010613901e-05,-3.76301663641194e-05,-0.000355010746748077,-0.000401132633057081,-0.000308888860439074,0.000204722973056584,0.000126780075416712,0.000561769577829686,0.000182015366422371,7.16512670733857e-06,1.04835959635151e-06,-3.64599971003931e-05,-3.64599971003937e-05,3.48074670231227e-05
9,0.00344898883138284,0.00340991093359288,0.00349675070645948,0.00155776628605337,0.00138227501346736,0.00173325755863937,0.000263419226155829,0.000116577497723323,-0.00120313620535676,-0.0019395929857034,-0.000809920575424302,-0.00116803624586911,0.00219680817285532,0.00219680817285531,0.00492730212340087,-6.15236028143098e-05,-0.000115227051589826,4.11394568913288e-06,-0.00110274948274723,-0.00135131559001002,-0.000854183375484455,0.000391281681071597,0.000193261929937033,-0.00928305045145993,-0.0114222435219798,2.89835447470312e-05,5.39592144731744e-05,-3.91870081619739e-05,-3.91870081619813e-05,-0.000346821541702209,0.000197219049059455,0.000199031320636797,0.000195004050464923,-0.000198792284628737,-0.000192658793511875,-0.000204925775745599,-1.1161766024382e-05,-4.25846968383553e-06,-0.000241140619422074,-0.000236630663129206,1.70895518411806e-05,8.41299383099192e-05,-0.000221504459247561,-0.000221504459247559,-0.000598418769508355,-0.000135832367075537,-0.000132554487266177,-0.000139838664620297,-0.000126486786320594,-0.000126861319841226,-0.000126112252799965,-2.20965603347948e-05,-1.0761987289236e-05,0.000108664365568499,0.00029613370381477,-6.46227230620724e-06,9.41688163623626e-05,-0.0014750041830497,0.00124990106734092,-4.96244977052125e-05,-0.00020810283657318,-0.000204406966101835,-0.000212620011593741,-0.000590384063499566,-0.000628606987404335,-0.000552161139594806,-9.84607252308008e-06,-5.73285488058166e-06,-0.00104225971458289,-0.000708457556683909,-3.68568992414773e-05,0.000317411167983664,-0.000132549577435129,-0.000132549577435147,-0.000496500721119611,-0.000203189777487727,-0.000278435150308363,-0.000111223210706944,-0.00135261268604376,-0.00168445342598004,-0.00102077194610749,0.000554822061549415,0.000285189661509356,0.00105349059727243,0.000127032197998599,2.83218896324691e-05,9.73754407166938e-06,-0.000129420240438041,-0.000129420240438043,0.00014345811679122,-5.78088762167024e-05,-7.43736808479144e-05,-3.75630038896664e-05,-0.000306045942951629,-0.000337501822319487,-0.000274590063583771,0.000169291826331313,0.000110061226124581,0.000844860017984215,0.000395730580646126,7.51439379758828e-06,1.64778391093951e-06,-3.68209402654151e-05,-3.68209402654154e-05,3.15957392160299e-05
10,0.00306291655546364,0.00302171285805964,0.00311327663006854,0.00150786360731975,0.00135485519489141,0.00166087201974808,0.000228924517774433,0.000105806723807723,-0.000742582171332082,-0.0016377283841695,-0.000734732951853458,-0.00107827596836474,0.00195090226462653,0.00195090226462652,0.00474320549164267,-6.68385985013619e-05,-0.000123569172760643,2.49877003779077e-06,-0.00102696202549066,-0.00124591741428582,-0.000808006636695504,0.000345831024291088,0.00017783093671143,-0.00822414977365814,-0.0105114735040165,3.18365864368228e-05,5.10473825470578e-05,-4.25723557333452e-05,-4.2572355733352e-05,-0.000304823377295649,0.000176496470413104,0.000178378073517793,0.000174196733285148,-0.000187228352455586,-0.000182291793040985,-0.000192164911870186,-8.94486736041004e-06,-3.57867732608186e-06,-0.000246049472808029,-0.000232283390442085,1.57601083282956e-05,7.64443949067531e-05,-0.000182635300734588,-0.000182635300734586,-0.000560785888332987,-0.000163643527265491,-0.000160408699318054,-0.000167597205867902,-9.14490199169425e-05,-9.45186153042214e-05,-8.83794245296665e-05,-1.46563157179443e-05,-8.12413520063104e-06,6.96443755811791e-05,0.000262412825963194,-8.36441268516302e-06,6.87346411027023e-05,-0.00128444528505166,0.00103172417778036,3.3230999097094e-05,-0.000326846152715137,-0.000323760988119819,-0.000330616909442771,-0.000469090487935851,-0.00051108114197747,-0.000427099833894241,6.59690663329207e-06,2.97262930224916e-07,-0.00100511275908884,-0.000683110171302337,-3.67669357728615e-05,0.000234727699837189,-0.000208182262875867,-0.000208182262875884,-0.000177148449977522,-0.000207199076707193,-0.000286429847659998,-0.000110361467764872,-0.00125483510588919,-0.0015457181312211,-0.000963952080557286,0.000489691802432507,0.000262165281314686,0.00184414560096393,0.00062190141820137,2.96669761537099e-05,1.15101511857665e-05,-0.000131973934208401,-0.000131973934208403,0.00013316163555536,-5.79282094034709e-05,-7.47425718973776e-05,-3.737732191092e-05,-0.00026422182566091,-0.000283894275505308,-0.000244549375816513,0.000139131672297459,9.53331561389651e-05,0.00105994059310861,0.000569376656527773,7.79645328219918e-06,2.20895787832394e-06,-3.68969486646309e-05,-3.6896948664631e-05,2.8117795876813e-05
11,0.00271732661716701,0.0026744311134828,0.0027697544550033,0.00145766147965025,0.00132387510519298,0.00159144785410751,0.000198548414755072,9.59481008236295e-05,-0.000357487795748361,-0.00136988664786896,-0.000668117266204571,-0.000995122789123991,0.00173078128481977,0.00173078128481975,0.0045323061089799,-7.44126225939095e-05,-0.000133592530968209,-2.0816234697369e-06,-0.000959823112011831,-0.00115318601359634,-0.000766460210427324,0.000305489165691006,0.000163572760324424,-0.00728727912805281,-0.00967336195754532,3.34383296695741e-05,4.90090893736758e-05,-4.73965749005735e-05,-4.73965749005796e-05,-0.000271902851635561,0.000158228247237002,0.000160156651117745,0.000155871309160536,-0.000176612032469688,-0.000172637524821722,-0.000180586540117652,-7.08536403668573e-06,-2.99093626257121e-06,-0.000247343197555449,-0.000226958746320567,1.47274427162166e-05,6.95294549211938e-05,-0.000150013096461429,-0.000150013096461428,-0.000522099481072123,-0.000182356267238412,-0.00017921411964674,-0.000186196669850445,-6.19954605221341e-05,-6.69325303501267e-05,-5.70583906941443e-05,-8.8112713205582e-06,-5.9667395589025e-06,4.38845569108386e-05,0.000235014017049921,-9.30564468868857e-06,4.76371127945933e-05,-0.00111933216685617,0.000849411876551051,0.000106837904016988,-0.000415760344214407,-0.000413355572380129,-0.000418699509789653,-0.000367477407485064,-0.000411254296951216,-0.00032370051801892,1.86798222523826e-05,4.94594301407764e-06,-0.000944829823051797,-0.000648432223137352,-3.56281800399516e-05,0.0001666996972524,-0.000264815505869033,-0.00026481550586905,0.000100469315797371,-0.00021017076832467,-0.000292584573771084,-0.000109442783890163,-0.0011673517406596,-0.00142297637467433,-0.000911727106644884,0.000432137338257404,0.000240984257873448,0.00249626986061315,0.00105156182920187,3.08662469847614e-05,1.32137258359227e-05,-0.000133866731416986,-0.000133866731416987,0.000122082879530459,-5.76873642927464e-05,-7.45327172292556e-05,-3.70985995925709e-05,-0.000228571049534666,-0.000238875377426002,-0.00021826672164333,0.000113515082506914,8.23715934708077e-05,0.00121842370534532,0.000708455845615617,8.02146149207436e-06,2.73142064296215e-06,-3.67435441355072e-05,-3.67435441355071e-05,2.45207348166112e-05
12,0.00240959941305207,0.00236538744130679,0.00246363626740742,0.00140811910187834,0.00129070527362885,0.00152553293012783,0.000171901440442735,8.69588995012336e-05,-3.78198155332522e-05,-0.00113276352827799,-0.000608605697527763,-0.000918439955231225,0.00153477669621152,0.00153477669621151,0.00430737312279672,-8.24649720415241e-05,-0.000143590304944994,-7.7562318261467e-06,-0.000899957235009921,-0.00107124598290381,-0.000728668487116032,0.000269744541575155,0.000150422429734144,-0.00645857163979986,-0.00890221473339788,3.43981316844869e-05,4.74650867032533e-05,-5.25254598990546e-05,-5.25254598990603e-05,-0.000245936292135661,0.000141929146305736,0.0001438859018509,0.00013953755619498,-0.000166913971621695,-0.000163704244092377,-0.000170123699151011,-5.53862378869285e-06,-2.48643062078131e-06,-0.000245745791013437,-0.000220867379486006,1.38820154691538e-05,6.33363972353459e-05,-0.000122775376479932,-0.00012277537647993,-0.000483889508099111,-0.000194401939574334,-0.000191387763577188,-0.000198085932459726,-3.75295794391877e-05,-4.36794011859547e-05,-3.13797576924235e-05,-4.29912448489604e-06,-4.22209139466978e-06,2.82971966580423e-05,0.000212776771422649,-9.711703795003e-06,3.03361306078137e-05,-0.000976527317892509,0.000696905119003626,0.000169832500778834,-0.000480897631206303,-0.000479207066124689,-0.00048296387741718,-0.00028289292621731,-0.000326958013601127,-0.0002388278388335,2.72459876541904e-05,8.44844847006665e-06,-0.000869195002075594,-0.000607318117133246,-3.39414028603406e-05,0.000111154896163654,-0.000306304223698267,-0.000306304223698283,0.000334929971862347,-0.000212257814152299,-0.000297159742741153,-0.000108488790321479,-0.0010890314635574,-0.00131435462559668,-0.000863708301518113,0.000381278585414865,0.00022149971004206,0.00302830512173377,0.00142251357095437,3.19333277607265e-05,1.48445336431464e-05,-0.000135196059969617,-0.000135196059969617,0.000110583829928068,-5.71603252424877e-05,-7.38628223154086e-05,-3.67461621533649e-05,-0.00019825159913884,-0.000201204530052788,-0.000195298668224891,9.1810555984031e-05,7.09766584809058e-05,0.00133004544548857,0.000817801128859782,8.19783617709996e-06,3.21547923643685e-06,-3.64078504729221e-05,-3.64078504729219e-05,2.09095089676424e-05
13,0.00213643482157003,0.0020912275218486,0.00219168818789623,0.00135976989349873,0.00125625151671647,0.00146328827028097,0.000148586077078208,7.87813510748934e-05,0.000225361364716353,-0.000923295085990684,-0.000555190045574376,-0.000847898107318048,0.00136078651055417,0.00136078651055416,0.00407727005053713,-9.02067185548246e-05,-0.00015284183889382,-1.36526825849184e-05,-0.000846363805585235,-0.00099864919592432,-0.000694078415246154,0.00023810391263746,0.000138305877604806,-0.00572563135461565,-0.00819273657647023,3.50150309765384e-05,4.62214106916979e-05,-5.74565086336414e-05,-5.74565086336465e-05,-0.00022526968934039,0.000127284564341022,0.000129254854075409,0.000124876432443437,-0.000158072776833279,-0.000155463618273541,-0.000160681935393015,-4.26075594555191e-06,-2.05555828848103e-06,-0.000241877209621577,-0.000214193912327727,1.31643675890602e-05,5.78005421735215e-05,-0.00010012671970148,-0.000100126719701478,-0.000447108121088746,-0.000201399065463926,-0.000198536179249242,-0.000204898148615198,-1.74105121431487e-05,-2.4263595878957e-05,-1.0557428407343e-05,-8.81145022532698e-07,-2.82590646151878e-06,2.03476676080928e-05,0.00019471760722538,-9.80650250860439e-06,1.62919770970698e-05,-0.000853078422008467,0.000569339149353246,0.000221957245135411,-0.000526911422291297,-0.000525940687896645,-0.000528097875440329,-0.00021291412310228,-0.000256161632880173,-0.000169666613324395,3.30114260444837e-05,1.10098432048188e-05,-0.000784321350737454,-0.000562104063090444,-3.19780062849786e-05,6.61577294881417e-05,-0.000335612370886162,-0.000335612370886178,0.00052767901159756,-0.000213591295062199,-0.000300384207994617,-0.000107511068144802,-0.0010188690673642,-0.00121819809383687,-0.000819540040891526,0.000336337651211834,0.000203576401125935,0.00345643331547769,0.00174067363280558,3.2880650572174e-05,1.64000397096121e-05,-0.000136045410867642,-0.000136045410867642,9.89272718205886e-05,-5.64094266645122e-05,-7.28338434684475e-05,-3.63351394597055e-05,-0.000172530890828211,-0.000169809723626268,-0.000175252058030154,7.34702671014076e-05,6.09702791064059e-05,0.00140309521830987,0.000901652549696986,8.33270170436904e-06,3.66195823384673e-06,-3.59295711238933e-05,-3.5929571123893e-05,1.73582063797779e-05
14,0.0018944282252227,0.00184849795399567,0.00195056522338909,0.00131291709467946,0.00122114868742885,0.00140468550193007,0.000128224715606795,7.13532095981633e-05,0.0004399441336394,-0.000738672107177029,-0.00050711601102608,-0.0007830925835317,0.00120664218167052,0.00120664218167051,0.00384804148069702,-9.73183111632474e-05,-0.000161089180395419,-1.93761376572389e-05,-0.000798261052877452,-0.00093421735877837,-0.000662304746976538,0.000210111240490789,0.000127147941818634,-0.00507743183967595,-0.00754002716775628,3.54375561705104e-05,4.51754376254343e-05,-6.19861854542932e-05,-6.19861854542979e-05,-0.000208646296479462,0.00011407090001052,0.000116043047261511,0.000111660497814862,-0.000150016392134204,-0.000147872055871884,-0.000152160728396524,-3.21154564267035e-06,-1.68903342796645e-06,-0.000236259698177735,-0.000207096860403345,1.25404425104243e-05,5.28543389922085e-05,-8.13631128159068e-05,-8.13631128159054e-05,-0.000412309130248872,-0.000204501407745138,-0.000201803448245831,-0.00020779891379984,-1.02602138100974e-06,-8.19254529633845e-06,6.14050253431639e-06,1.65013429994614e-06,-1.72060258589567e-06,1.79909437934334e-05,0.000180015196257988,-9.7124943327717e-06,5.00729818419422e-06,-0.000746334621828726,0.00046272031382873,0.000263645460470985,-0.000557501086153542,-0.000557234426457706,-0.000557827003559573,-0.000155389917651467,-0.00019702847680095,-0.000113751358501992,3.65734470086912e-05,1.28054361663729e-05,-0.000694927915612976,-0.000514649060503457,-2.98903638362703e-05,3.00215472857882e-05,-0.000355096233218802,-0.000355096233218817,0.000681812958077094,-0.00021428414948232,-0.000302458196552572,-0.000106515869729793,-0.000955971195249693,-0.0011330453013448,-0.000778897089154582,0.000296626964296569,0.000187089815361099,0.00379484487954581,0.00201142547614414,3.37194880973081e-05,1.78787744598218e-05,-0.00013648671941549,-0.00013648671941549,8.7303791467814e-05,-5.54869102947033e-05,-7.15307859375216e-05,-3.58777289534844e-05,-0.000150771920881746,-0.000143765432703934,-0.000157778409059558,5.80193312393378e-05,5.21938717661815e-05,0.00144461526338852,0.000963725187741647,8.43215695347684e-06,4.0720409157522e-06,-3.53419810794291e-05,-3.53419810794287e-05,1.39182548243469e-05
15,0.00168032297589733,0.00163389891669215,0.00173706349270368,0.00126773356233989,0.00118586216765603,0.00134960495702373,0.000110470735139307,6.46127532204402e-05,0.000612848494679743,-0.000576335235949412,-0.000463780048389561,-0.000723600006944799,0.00107026941139958,0.00107026941139957,0.00362371897478053,-0.000103699135272681,-0.000168286458324373,-2.47590737650387e-05,-0.000755006248942115,-0.000876958465695985,-0.000633054032188248,0.00018535356285006,0.000116875988257685,-0.00450419116214616,-0.00693956330162221,3.5740951916497e-05,4.42701572934832e-05,-6.60504046322769e-05,-6.60504046322812e-05,-0.000195123024335026,0.000102116275437413,0.000104081266054805,9.97146202383769e-05,-0.000142672055849901,-0.000140881000135599,-0.000144463111564202,-2.35541672601944e-06,-1.37833721164192e-06,-0.000229328262645706,-0.000199710493632827,1.19894062384655e-05,4.84331999512428e-05,-6.58745628180616e-05,-6.58745628180603e-05,-0.000379776850110212,-0.000204576611679044,-0.0002020496035504,-0.000207665177169603,1.21788390331401e-05,4.99142608364189e-06,1.93662519826359e-05,3.47045795610521e-06,-8.56130143817811e-07,1.95996007396745e-05,0.000167990477400374,-9.50000067775674e-06,-3.9585769479494e-06,-0.000653970680207714,0.000373726015101123,0.000295728670978277,-0.00057566837680324,-0.000576074444342518,-0.00057517207203302,-0.00010844053780492,-0.000147927994292535,-6.8953081317313e-05,3.84244009776859e-05,1.39833019692893e-05,-0.000604589880379126,-0.000466411053415888,-2.77672016511406e-05,1.295367913202e-06,-0.000366667755925617,-0.000366667755925631,0.000801264470400157,-0.000214434003887905,-0.000303556323293044,-0.000105506724614961,-0.00089954380339974,-0.00105760557385374,-0.000741482032945744,0.000261538789025021,0.000171925311458176,0.00405597562129932,0.00223966455283407,3.44600298657378e-05,1.92801784303789e-05,-0.000136582168081468,-0.000136582168081468,7.58511041396888e-05,-5.44363573856345e-05,-7.00246470870344e-05,-3.53840033061493e-05,-0.000132421162743328,-0.000122273370005921,-0.000142568955480735,4.50464109666217e-05,4.4506263060777e-05,0.0014605738837029,0.00100726965798363,8.50145348975318e-06,4.4471598448862e-06,-3.46728390991306e-05,-3.46728390991301e-05,1.0624406220745e-05
16,0.00149111005299129,0.00144438361983319,0.00154822013796231,0.00122431415023792,0.00115074338619944,0.00129788491427639,9.50116063189494e-05,5.85010688160273e-05,0.00075012158735749,-0.000433961560367027,-0.000424676278863368,-0.000669005137890072,0.000949751626109112,0.000949751626109101,0.00340690847502269,-0.000109347854764392,-0.000174480503320984,-2.97412843063169e-05,-0.00071605331044547,-0.000826019832208301,-0.000606086788682641,0.000163460957378504,0.000107421434694113,-0.00399724418850678,-0.00638717558717822,3.59645566130244e-05,4.34717964495876e-05,-6.96483151365515e-05,-6.96483151365554e-05,-0.000183995613697829,9.12807587979274e-05,9.3231801796307e-05,8.88961506887962e-05,-0.000135970720137011,-0.000134441821373043,-0.000137499618900979,-1.66149561410076e-06,-1.11586065146742e-06,-0.000221442082936969,-0.000192147396600645,1.14975631630342e-05,4.44778478798536e-05,-5.31386493022781e-05,-5.31386493022769e-05,-0.000349617126655508,-0.000202301714970858,-0.000199945858459816,-0.000205181095151014,2.26937008363561e-05,1.56997347057031e-05,2.96876669670068e-05,4.72638603808314e-06,-1.89724094264983e-07,2.38947167959659e-05,0.000158086304802592,-9.21170876960922e-06,-1.09879170635153e-05,-0.000573971635529212,0.000299570555483298,0.000319237544697715,-0.000583877165099026,-0.000584913796106558,-0.000582610171645382,-7.04384782015739e-05,-0.00010742803210351,-3.34489242996448e-05,3.8966453043709e-05,1.46674842178622e-05,-0.000515955296874097,-0.000418514847534072,-2.56619094530953e-05,-2.12592076328478e-05,-0.000371896283502551,-0.000371896283502565,0.000890271984499563,-0.000214125398424076,-0.000303830480526416,-0.000104485853632333,-0.000848881014444049,-0.000990739134707797,-0.000707022894180302,0.00023053595924473,0.000157977344502622,0.0042507157995524,0.00242984006008012,3.51114743211347e-05,2.06044500800393e-05,-0.000136385604091769,-0.000136385604091768,6.46679638318501e-05,-5.32939535980686e-05,-6.83742913665479e-05,-3.48624296588198e-05,-0.00011699797874647,-0.000104645716818439,-0.000129350240674501,3.41955016360165e-05,3.77818284842713e-05,0.00145601573418702,0.00103512593241377,8.54512554464411e-06,4.78891669934984e-06,-3.39451933745664e-05,-3.39451933745658e-05,7.4991190582722e-06
17,0.00132405671802751,0.00127718655524714,0.00138134247253685,0.00118270429999514,0.00111606199275297,0.00124934660723731,8.15683240178834e-05,5.29630066982244e-05,0.000857033149594408,-0.000309447853904517,-0.00038936802850727,-0.000618913100913556,0.000843348228043008,0.000843348228042998,0.00319921370331565,-0.000114305583263892,-0.000179754516099944,-3.43124431309233e-05,-0.000680928918316192,-0.000780659587109584,-0.000581198249522802,0.000144103975232505,9.87202754369034e-05,-0.00354892132386613,-0.00587902363634441,3.61299377625821e-05,4.27587789068506e-05,-7.28061039897365e-05,-7.28061039897401e-05,-0.00017473805451439,8.14460535743066e-05,8.33781914870237e-05,7.90845516809851e-05,-0.000129848796061533,-0.000128508056942258,-0.000131189535180806,-1.10329036894335e-06,-8.94905913163749e-07,-0.000212895452123553,-0.000184501151865566,1.10552626032025e-05,4.09350084242021e-05,-4.27109037565746e-05,-4.27109037565733e-05,-0.000321820803181886,-0.000198217279707577,-0.000196028449942658,-0.000200892516086918,3.09441314219509e-05,2.42956629929319e-05,3.75925998509677e-05,5.53885479322564e-06,3.14773906529832e-07,2.98840877340496e-05,0.000149848549466789,-8.87503054238056e-06,-1.64082748062175e-05,-0.000504602528405147,0.000237908333955486,0.000335271178997096,-0.000584161387632484,-0.000585779448978507,-0.000582183757098462,-3.99827864766369e-05,-7.4278888245017e-05,-5.68668470826369e-06,3.85255715011258e-05,1.49612462556057e-05,-0.000430928523403965,-0.000371811001644481,-2.36073811270516e-05,-3.86936151352107e-05,-0.000372077316963353,-0.000372077316963366,0.000953046879067991,-0.000213431592426561,-0.000303412509880221,-0.000103454915538761,-0.000803355220515446,-0.000931439509038439,-0.000675270931992452,0.000203143688124173,0.000145148749527228,0.00438859466762679,0.00258599324003948,3.56821230879283e-05,2.18524071797437e-05,-0.00013594368944367,-0.000135943689443669,5.38242310147854e-05,-5.20895865699528e-05,-6.66281675891327e-05,-3.43202097687368e-05,-0.000104085352020603,-9.02905088081075e-05,-0.000117880195233098,2.51587524412701e-05,3.19088261694732e-05,0.00143519210996442,0.00104977119935419,8.5670918068652e-06,5.09902123728999e-06,-3.31780806178048e-05,-3.31780806178042e-05,4.55578302303825e-06
18,0.00117670320745298,0.00112981970659824,0.00123400526405324,0.00114291645557197,0.00108202584023198,0.00120380707091195,6.98932503735975e-05,4.7947484637562e-05,0.000938165344621858,-0.000200892976937168,-0.000357471637158994,-0.000572954391692222,0.000749492488823566,0.000749492488823556,0.00300153907036982,-0.000118629188332507,-0.000184201953231831,-3.84846978999854e-05,-0.000649217993201051,-0.000740227780107941,-0.000558208206294163,0.000126990140704773,9.0713137109486e-05,-0.00315243721531942,-0.00541157157044683,3.62497246081456e-05,4.21162107996144e-05,-7.55599925684726e-05,-7.5559992568476e-05,-0.000166955952226243,7.25098230915961e-05,7.44195941988933e-05,7.0175658404899e-05,-0.000124248621599842,-0.000123036346521874,-0.000125460896677809,-6.58229162982692e-07,-7.09626421608778e-07,-0.000203927680878168,-0.000176848891414672,1.06552856404342e-05,3.77573380087827e-05,-3.42146646558684e-05,-3.42146646558672e-05,-0.000296307432193597,-0.000192760425687228,-0.000190731401895896,-0.000195240343654408,3.72967286536226e-05,3.10966888698247e-05,4.34967684374183e-05,6.00686491269263e-06,6.87721344326656e-07,3.68089426330461e-05,0.000142909337134172,-8.50848213136313e-06,-2.04981751265651e-05,-0.00044437440260666,0.000186759830399878,0.000344914764471692,-0.000578203534718605,-0.000580349958760028,-0.00057558012755687,-1.58721931316307e-05,-4.73947158460012e-05,1.56503295827335e-05,3.73640410936728e-05,1.495009767185e-05,-0.000350823228552065,-0.000326926061268035,-2.16240540536753e-05,-5.1897196692241e-05,-0.000368282506190183,-0.000368282506190195,0.000993575393049587,-0.000212416065028509,-0.000302416622912904,-0.000102415383169812,-0.000762408302132658,-0.000878817974690305,-0.000645998629575011,0.0001789423283604,0.000133350081311122,0.00447794334019421,0.00271179250533161,3.61794708694342e-05,2.30253653789103e-05,-0.000135296856706058,-0.000135296856706057,4.33682053049022e-05,-5.08477911447211e-05,-6.48258392465409e-05,-3.37635101313896e-05,-9.33217730893051e-05,-7.86989017627803e-05,-0.00010794464441583,1.76701954268625e-05,2.67879056687953e-05,0.00140167380817693,0.00105336240137933,8.57073896699644e-06,5.37924390131229e-06,-3.23871281176572e-05,-3.23871281176566e-05,1.80110425243327e-06
19,0.00104684597153075,0.00100005529050921,0.0011040345816682,0.00110494006439653,0.00104879433744316,0.0011610857913499,5.97673687849602e-05,4.34074758657169e-05,0.000997494817958624,-0.000106580623839802,-0.000328646510069268,-0.000530786317086294,0.000666780873586474,0.000666780873586464,0.00281430525098315,-0.00012237900649517,-0.000187914835776892,-4.2279659595276e-05,-0.000620554050157409,-0.00070415274895713,-0.00053695535135769,0.000111860256081085,8.33451211982716e-05,-0.00280179034068221,-0.00498156465345457,3.63319355235712e-05,4.15330741343864e-05,-7.79484117803604e-05,-7.79484117803635e-05,-0.000160351625569331,6.43823214044774e-05,6.62674714961646e-05,6.20782490701924e-05,-0.000119118336181768,-0.000117986727173538,-0.000120249945189997,-3.07171644071284e-07,-5.54944236260772e-07,-0.000194731805161993,-0.000169253615279915,1.02919740915579e-05,3.49030206696062e-05,-2.73315275201502e-05,-2.73315275201491e-05,-0.000272954999718351,-0.000186286685725683,-0.000184408140438603,-0.000188582685521,4.20655001712585e-05,3.63784884219073e-05,4.77525119206078e-05,6.21091828923265e-06,9.5447300415223e-07,4.40989301686825e-05,0.000136972540540115,-8.12508483519144e-06,-2.34932326949531e-05,-0.000392011442146577,0.00014445265590898,0.000349190656245636,-0.000567395043559864,-0.000570015173474156,-0.000564192662553509,2.92045827172637e-06,-2.58348789851221e-05,3.16757955285688e-05,3.56913278864144e-05,1.47044974613103e-05,-0.000276488724662088,-0.000284304961546362,-1.97244443482681e-05,-6.16199667472744e-05,-0.000361398116917099,-0.000361398116917111,0.00101551080236791,-0.000211133784830342,-0.000300941567647635,-0.000101368716942546,-0.00072554383976844,-0.000832089823986042,-0.000618997855550838,0.000157560972209273,0.000122499005756118,0.00452603851229233,0.00281056564796933,3.66102881814459e-05,2.41250341368012e-05,-0.000134480117726333,-0.000134480117726332,3.33320027474769e-05,-4.95885609865167e-05,-6.29993270729358e-05,-3.31976246586749e-05,-8.43941380345289e-05,-6.94340785902852e-05,-9.93541974787723e-05,1.15002700236651e-05,2.23307737091954e-05,0.00135844881481692,0.00104777402552327,8.55899223534695e-06,5.63137876699041e-06,-3.15850706920493e-05,-3.15850706920487e-05,-7.63120553797067e-07
20,0.000932516126484486,0.000885903729869257,0.000989486833458663,0.00106874806636507,0.00101648799650698,0.00112100813622315,5.099742361342e-05,3.92998471922483e-05,0.00103846647761382,-2.49629538138166e-05,-0.000302588450176428,-0.000492092685559856,0.000593959316232165,0.000593959316232156,0.0026376020040305,-0.000125613416474632,-0.000190978890756572,-4.57222812411379e-05,-0.000594612224301969,-0.000671930566122891,-0.000517293882481048,9.84848403893915e-05,7.65655563340596e-05,-0.00249167323440486,-0.00458600737027589,3.63821177807276e-05,4.10007592298642e-05,-8.00085455252407e-05,-8.00085455252435e-05,-0.000154698405638761,5.69842046951925e-05,5.88434439127167e-05,5.4711801207107e-05,-0.00011441149651522,-0.000113322618157378,-0.000115500374873061,-3.39435815852114e-08,-4.26462819679378e-07,-0.000185462115802881,-0.000161766249011147,9.96073845990419e-06,3.23352431910367e-05,-2.17927974358304e-05,-2.17927974358294e-05,-0.000251619840543738,-0.00017908559801317,-0.000177346879817471,-0.000181210698030134,4.55183512567149e-05,4.03794154484624e-05,5.06572870649656e-05,6.21606615643285e-06,1.13611512397287e-06,5.13345794598786e-05,0.000131801399817905,-7.73425761084349e-06,-2.55920033895462e-05,-0.000346421136745826,0.000109573346601397,0.000349031985470576,-0.000552884613650892,-0.000555923975698951,-0.000549169837814375,1.72714968011285e-05,-8.78641631325212e-06,4.33294099155033e-05,3.36733522753308e-05,1.42822148825437e-05,-0.000208413470041643,-0.000244246559180795,-1.79158270851481e-05,-6.84928368646406e-05,-0.000352155804873169,-0.00035215580487318,0.00102212476095832,-0.000209632297912745,-0.000299072553362228,-0.000100316430141163,-0.000692320206681296,-0.000790562226389965,-0.000594078186972628,0.000138671793855,0.000112519738738568,0.00453922926443582,0.00288532936818725,3.69806960875826e-05,2.5153428687895e-05,-0.000133523756632323,-0.000133523756632322,2.37355285671232e-05,-4.83280447425099e-05,-6.11742757653715e-05,-3.26270957145719e-05,-7.70315334540938e-05,-6.21215897227357e-05,-9.19414771854515e-05,6.45104422632374e-06,1.84590006652398e-05,0.00130800678451205,0.00103463165904102,8.53437580723981e-06,5.85721463720095e-06,-3.078219410351e-05,-3.07821941035094e-05,-3.13867732620811e-06
21,0.000831957086304251,0.000785590842061676,0.000888626940378516,0.00103430136135743,0.000985195647896999,0.00108340707481785,4.34131638863095e-05,3.55851303738715e-05,0.00106405923762553,4.5354675317246e-05,-0.000279024799159987,-0.000456582661038279,0.00052990897216832,0.000529908972168312,0.00247129615388368,-0.000128386648131074,-0.000193471885372567,-4.88380248359063e-05,-0.000571103860521508,-0.000643116445408172,-0.000499091275634844,8.66608355236326e-05,7.03277191399205e-05,-0.00221739261529275,-0.00422214303650498,3.64044208164229e-05,4.05122674255437e-05,-8.17749351153316e-05,-8.17749351153341e-05,-0.000149821884004674,5.02449756117987e-05,5.20777751405176e-05,4.80048872989196e-05,-0.000110086597099862,-0.000109010660572416,-0.000111162533627308,1.7508513577628e-07,-3.20383410107223e-07,-0.000176240604256746,-0.000154427444966175,9.65776444121389e-06,3.00216482754891e-05,-1.73720296542871e-05,-1.73720296542861e-05,-0.000232149733371545,-0.000171392524113378,-0.000169782266766363,-0.000173360616426393,4.7883171165096e-05,4.33049087909934e-05,5.24614335391969e-05,6.07454250281135e-06,1.25011653965599e-06,5.82162710446593e-05,0.000127208052157389,-7.34292719935471e-06,-2.69612939742792e-05,-0.00030666800814617,8.09273026989688e-05,0.000345271100689996,-0.000535617817926123,-0.000539023425254793,-0.00053145540896886,2.79271426654915e-05,4.45193458934015e-06,5.14023507416373e-05,3.14403190731479e-05,1.37303645944458e-05,-0.000146809301081066,-0.000206933238565688,-1.62018998073347e-05,-7.30452848820701e-05,-0.000341157845812807,-0.000341157845812818,0.00101629634456014,-0.000207952668420067,-0.000296882952681431,-9.92600987672986e-05,-0.000662344443179961,-0.000753623505874033,-0.000571065380485888,0.000121985048045052,0.000103342528739939,0.00452304892787365,0.00293881634061093,3.72962330689082e-05,2.61127961604846e-05,-0.00013245392892998,-0.000132453928929979,1.45894357646731e-05,-4.7079142950498e-05,-5.93709616740146e-05,-3.20558089550925e-05,-7.09997990082019e-05,-5.64409454340046e-05,-8.55586525823988e-05,2.35204555962294e-06,1.51029531438433e-05,0.00125241203251046,0.00101534176975813,8.49906515187961e-06,6.05851268156165e-06,-2.99867152550948e-05,-2.99867152550941e-05,-5.32993716983151e-06
22,0.000743603107653867,0.000697535982068305,0.00079990737225845,0.00100155204329359,0.00095498012054668,0.00104812396604049,3.68647841774311e-05,3.22272686636939e-05,0.00107684428485143,0.000105627808183458,-0.000257710643011906,-0.000423989244042852,0.000473632552645783,0.000473632552645774,0.00231510765517564,-0.00013074809405345,-0.000195463414273977,-5.16515915616854e-05,-0.000549772097807513,-0.000617317509629659,-0.000482226685985369,7.62086216151799e-05,6.45885514548827e-05,-0.00197479851453219,-0.00388743491829133,3.64021464108795e-05,4.00617555123647e-05,-8.32790407983737e-05,-8.3279040798376e-05,-0.000145586294657881,4.41017909773457e-05,4.59082143101242e-05,4.18939402372827e-05,-0.000106106574241027,-0.000105020494946916,-0.000107192653535137,3.31373438018674e-07,-2.33428392631389e-07,-0.000167162444637528,-0.000147269146561129,9.37982708629388e-06,2.79338115207137e-05,-1.38786062842863e-05,-1.38786062842854e-05,-0.000214392294113171,-0.00016339799784173,-0.000161904585754858,-0.000165223279281239,4.93533255546239e-05,4.53315914015099e-05,5.33750597077364e-05,5.82800484923146e-06,1.31089489415519e-06,6.45387620966963e-05,0.000123044729367963,-6.95621889175091e-06,-2.77408507929931e-05,-0.000271950833895811,5.75051803225572e-05,0.000338637466327086,-0.000516370048533329,-0.000520091327365015,-0.000511821818850159,3.55216996032723e-05,1.44840375987163e-05,5.65593616078231e-05,2.90932815530312e-05,1.30871467689202e-05,-9.16795510358355e-05,-0.00017245546086267,-1.45838649966358e-05,-7.5720638617984e-05,-0.000328898120084914,-0.000328898120084924,0.00100052416910433,-0.000206130296551442,-0.000294435802255231,-9.82013451357094e-05,-0.000635266823388932,-0.000720733668177141,-0.000549799978600722,0.000107244648931028,9.49031798813885e-05,0.00448231375450846,0.00297350001784083,3.75619145921735e-05,2.70055538922516e-05,-0.000131293182516843,-0.000131293182516842,5.89734711662041e-06,-4.58520196897192e-05,-5.7605159404799e-05,-3.14870711490698e-05,-6.60967717969093e-05,-5.21183013952416e-05,-8.00752421985767e-05,-9.43374388493793e-07,1.22008395669242e-05,0.00119336654013557,0.000991118121420528,8.45493243601347e-06,6.23698938380985e-06,-2.92051080826242e-05,-2.92051080826236e-05,-7.34310301125818e-06
23,0.000666059430934926,0.000620331824663674,0.000721948727488686,0.000970445833438935,0.000925882840866965,0.0010150088260109,3.12205949926342e-05,2.91933597691906e-05,0.00107903654255855,0.000156985842450721,-0.000238425695566842,-0.000394067618130964,0.000424241675754737,0.000424241675754729,0.00216866299638481,-0.000132742298210499,-0.000197015313514764,-5.41863906163882e-05,-0.000530388143212645,-0.000594186579443251,-0.000466589706982039,6.6969341670494e-05,5.93083867224011e-05,-0.00176022148395052,-0.00357954879319481,3.63780399536389e-05,3.9644258940723e-05,-8.45492345289781e-05,-8.45492345289803e-05,-0.00014188463900338,3.8498497122486e-05,4.02790609325369e-05,3.63222524657569e-05,-0.000102438330375611,-0.000101324518750648,-0.000103552142000575,4.44533828878827e-07,-1.62772742367345e-07,-0.000158300634779863,-0.000140315939633122,9.12416591994974e-06,2.60467614206185e-05,-1.11522454105974e-05,-1.11522454105965e-05,-0.000198200157512157,-0.000155255326811616,-0.000153867243301681,-0.000156951873323756,5.00925116027493e-05,4.66109756238023e-05,5.35740475816948e-05,5.50942292567542e-06,1.33030334844447e-06,7.01703913626905e-05,0.000119196390676041,-6.57791263670703e-06,-2.80474375956982e-05,-0.000241583067821722,3.84545442638903e-05,0.000329761334641792,-0.000495774138148329,-0.000499763553499249,-0.000490898186052761,4.05934026851642e-05,2.18290275039158e-05,5.93577778664078e-05,2.67096149370512e-05,1.23833268622007e-05,-4.28737855234438e-05,-0.000140832027373163,-1.30611645879818e-05,-7.68892137244937e-05,-0.000315779705826953,-0.000315779705826962,0.000976951751479271,-0.000204195632761389,-0.000291785123245463,-9.71418110586406e-05,-0.000610776035554775,-0.000691416032245327,-0.000530136038864222,9.4224261876905e-05,8.71426122592347e-05,0.00442120993315821,0.00299161735559033,3.77822860951274e-05,2.78342381233027e-05,-0.000130060912586873,-0.000130060912586872,-2.34246137759145e-06,-4.46545409430899e-05,-5.58888846484076e-05,-3.09236764143719e-05,-6.21481285311997e-05,-4.89200986676293e-05,-7.53761583947697e-05,-3.56120872412531e-06,9.69785698321792e-06,0.00113226428405829,0.000963005190888372,8.40358607885384e-06,6.39430380712627e-06,-2.84423827662998e-05,-2.84423827662992e-05,-9.18563843926559e-06
24,0.000598084215160108,0.000552725981708258,0.000653522056045709,0.00094092396213309,0.000897927625175105,0.000983920299091072,2.63649257523118e-05,2.64534059038533e-05,0.00107254001981942,0.000200443880122532,-0.00022097165113857,-0.000366593484467343,0.000380945359974598,0.00038094535997459,0.00203153254183275,-0.000134409231228074,-0.000198182313012339,-5.6464353491743e-05,-0.0005127480623034,-0.000573416775048314,-0.000452079349558487,5.8802517439125e-05,5.44506910608495e-05,-0.00157041701041385,-0.00329633686387045,3.63344517916095e-05,3.92555119093613e-05,-8.56109753045041e-05,-8.56109753045061e-05,-0.000138631518615407,3.33848217477515e-05,3.51403818887608e-05,3.12391371309619e-05,-9.90522945857374e-05,-9.7897644876706e-05,-0.000100206944294769,5.22612659569514e-07,-1.05983518587584e-07,-0.000149709911620973,-0.000133586215746176,8.8883963765815e-06,2.43385485931636e-05,-9.05832631006621e-06,-9.05832631006542e-06,-0.00018343398888264,-0.00014708687520588,-0.000145792956156843,-0.000148668331821367,5.02389995752863e-05,4.72727603607586e-05,5.32052387898125e-05,5.14466041984059e-06,1.31804597717432e-06,7.503619464158e-05,0.000115574579277128,-6.21076082396843e-06,-2.79783502038973e-05,-0.000214976083709614,2.3055886563156e-05,0.000319180707107741,-0.000474343612564804,-0.000478557057953176,-0.000469193845979015,4.3598154429521e-05,2.69324629294606e-05,6.0263845929577e-05,2.43475610113067e-05,1.1643489063876e-05,-1.31481542960667e-07,-0.000112026729044191,-1.16319958086084e-05,-7.6859560036301e-05,-0.000302129689531714,-0.000302129689531723,0.000947399615558553,-0.000202174802947996,-0.000288977081667068,-9.6083128958028e-05,-0.000588594905914779,-0.000665249837103462,-0.000511939974726095,8.27238487817413e-05,8.00064567170088e-05,0.00434337031455322,0.00299518962885643,3.79614701238965e-05,2.86014614621092e-05,-0.000128773759839489,-0.000128773759839487,-1.01357737236584e-05,-4.34926498872346e-05,-5.42310291700689e-05,-3.03679640971074e-05,-5.90037517231375e-05,-4.66475366974561e-05,-7.13599667488185e-05,-5.60955591364112e-06,7.54542855013157e-06,0.00107023803259471,0.00093189891499196,8.34640524048305e-06,6.53204837066458e-06,-2.77023247689398e-05,-2.77023247689392e-05,-1.08658335255421e-05
