negyedev,szcenario,y,y_S,y_L,ii,i_S,i_L,c,nn,efp_S,efp_L,nw_S,nw_L,infl,r,rer,xx,sov,bank
1,alap,0.000185137396416065,0.000191440897889746,0.00017743311683712,0.00322172591758604,0.00390650975709578,0.00253694207807629,-0.000251490137312385,0.000279460542647699,-0.000311859148521451,-0.000105529018333385,0.0140199229453577,0.0104322296638119,-0.000135478023633225,-3.60149721795658e-05,0.000117921908545264,0.000117921908545264,-0.00025,0
2,alap,0.000295959206507419,0.000310749056632273,0.000277882723021485,0.00338143287347833,0.00406890060051901,0.00269396514643766,-0.000412645159934077,0.000406044971729208,-0.000288191753630958,-0.000110392197057439,0.0128449008923372,0.00972515093090038,-0.000110455339664452,-5.45495994803027e-05,0.00018850904873084,0.00018850904873084,-0.0005,0
3,alap,0.00036350786684529,0.000387958474340941,0.000333623791017272,0.00353730817192221,0.0042325911393241,0.00284202520452032,-0.000515630279532877,0.00046772321609732,-0.000270159052990785,-0.00011631551543259,0.0117646043822013,0.00904487909802691,-0.000103666580662225,-6.56519571117778e-05,0.000231533673149866,0.000231533673149866,-0.00075,0
4,alap,0.000410458475620755,0.00044520820832758,0.000367986580090191,0.00369501860312853,0.00440263807514257,0.0029873991311145,-0.000580249008482144,0.000498116517837177,-0.00025619616697447,-0.000122909301735041,0.0107657324025452,0.00838821062475279,-0.000103006230961243,-7.31619730872761e-05,0.000261438519503665,0.000261438519503665,-0.001,0
5,alap,0.000447790677914486,0.000493204978563113,0.000392284310455051,0.00385717080414836,0.00458124345942456,0.00313309814887216,-0.000619058662782384,0.000513453237036447,-0.000245364900936783,-0.000129970701960982,0.00983802760861676,0.00775278699571581,-0.00010527925290851,-7.89185873945116e-05,0.00028521699230222,0.00028521699230222,-0.00125,0
6,alap,0.000480827695711029,0.000537144716902201,0.000411995780921819,0.00402493865310973,0.00476930104385225,0.0032805762623672,-0.000640215910089141,0.000521562247206093,-0.000237046368805072,-0.000137387376934236,0.008973171578762,0.0071367241372336,-0.000108966140911567,-8.38040197963035e-05,0.000306259678796834,0.000306259678796834,-0.0015,0
7,alap,0.00051215272261145,0.000579562904280608,0.000429762500571368,0.00419884402764529,0.00496713610336169,0.00343055195192889,-0.000649115871027042,0.000526210665928698,-0.000230790860300319,-0.000145091103688976,0.00816420251924019,0.00653842961541,-0.000113354580680448,-8.82457719758912e-05,0.000326211925230223,0.000326211925230223,-0.00175,0
8,alap,0.000543017249095442,0.00062170549113539,0.000446842731046617,0.00437913034468457,0.00517485778534658,0.00358340290402257,-0.000649370729242672,0.000529195134268808,-0.000226243619578809,-0.000153035409937684,0.0074051902856217,0.00595651051990612,-0.000118121344180397,-9.2457589607446e-05,0.00034587085929646,0.00034587085929646,-0.002,0
9,alap,0.000574019850318046,0.00066418594870252,0.000463816841181467,0.00456594052606035,0.0053925257640913,0.0037393552880294,-0.000643414510599802,0.000531347336534972,-0.000223107340097475,-0.000161184777925623,0.00669104046958082,0.00538972526094534,-0.000123130686576499,-9.65547814009552e-05,0.00036561773905608,0.00036561773905608,-0.00225,0
10,alap,0.000605430274062524,0.00070729564770834,0.000480928150717637,0.00475940124339149,0.00562022828281194,0.00389857420397103,-0.000632888854898574,0.000533011894838882,-0.000221122486241463,-0.000169509418003857,0.00601736528915362,0.00483695675069379,-0.000128336294657053,-0.000100608956666317,0.000385624378383773,0.000385624378383773,-0.0025,0
11,alap,0.000637338154749451,0.000751141984938458,0.000498244584518443,0.00495966235546898,0.00585811821426726,0.0040612064966707,-0.000618896328907539,0.000534263032809007,-0.000220056338366775,-0.000177982730252259,0.00538039084560891,0.00429719611101732,-0.000133731791667194,-0.000104673248964476,0.000405947869267166,0.000405947869267166,-0.00275,0
12,alap,0.000669710016575154,0.000795694079120189,0.000515729495686778,0.00516691488107717,0.00610642944363846,0.00422740031851588,-0.000602171754574075,0.000534983531065454,-0.000219696377009005,-0.00018658007972056,0.00477688566901097,0.00376953165704811,-0.000139322279663168,-0.000108792532656152,0.000426566889538314,0.000426566889538314,-0.003,0
13,alap,0.000702389728642006,0.000840767110689307,0.00053326181725086,0.00538139841471241,0.0063654841088238,0.00439731272060103,-0.000583202692179205,0.000534856689571686,-0.000451095903556005,-0.000304653245632287,0.00420410289250673,0.00325314058408682,-0.000145101834463382,-0.000113004833247886,0.000447381992765608,0.000447381992765608,-0.0035,-0.00028125
14,alap,0.000735050039661365,0.0008859472005355,0.000550620176370756,0.00553243914554442,0.00653934129735275,0.0045255369937361,-0.00056232002980377,0.000533279957381355,-0.000676328564998666,-0.000421262175461839,0.00330823197447626,0.00255505547568374,-0.000151026426743018,-0.00011733554362968,0.000468184738637812,0.000468184738637812,-0.004,-0.0005625
15,alap,0.000767241536007839,0.000930593832169143,0.000567588729588467,0.00561720594270522,0.00662466023155538,0.00460975165385505,-0.000539785924497097,0.000530412936639815,-0.000897229507306379,-0.000536723869037093,0.00211480095695448,0.00168693442852537,-0.000156916751849018,-0.000121762422058253,0.000488688876438114,0.000488688876438114,-0.0045,-0.00084375
16,alap,0.000798512625849645,0.000974021863262751,0.000584001335678071,0.00563225418674016,0.00661716627624009,0.00464734209724024,-0.000515840903504533,0.000526405095233905,-0.00111552883100488,-0.000651346392882369,0.000645272058001058,0.000659295507266407,-0.000162618158447723,-0.000126232569534679,0.000508606768057099,0.000508606768057099,-0.005,-0.001125
17,alap,0.000828501793752564,0.00101564161137918,0.000599775349986695,0.005573525479083,0.00651164891221885,0.00463540204594716,-0.000490726157995162,0.000521566033021441,-0.00103912160398997,-0.000631055061138542,-0.00108259536802641,-0.000518410553587676,-0.000167998723607555,-0.000130673127866195,0.000527708148886983,0.000527708148886983,-0.005,-0.001125
18,alap,0.000857048584516296,0.00105512139895065,0.000614959589096533,0.00552552992757936,0.00642434028666043,0.00462671956849829,-0.000464686544719901,0.000516565350591769,-0.000971584350062145,-0.000612414568576047,-0.00260793043768984,-0.00160156929585928,-0.000172969584959707,-0.000135003163167961,0.000545890818163246,0.000545890818163246,-0.005,-0.001125
19,alap,0.000884169125474581,0.00109243765609171,0.000629618699164757,0.00548691855161079,0.00635297956071172,0.00462085754250985,-0.000437938787070096,0.000511179930754698,-0.000911897783792698,-0.000595298789452295,-0.00395434212789981,-0.00259780943533872,-0.00017760330495357,-0.000139179293883575,0.000563165048072981,0.000563165048072981,-0.005,-0.001125
20,alap,0.00090994787148619,0.00112770241453452,0.00064380342998267,0.00545651049473117,0.00629558833003564,0.0046174326594267,-0.000410663808467355,0.000505348895172193,-0.000859157076614195,-0.000579590499808852,-0.00514270965286972,-0.00351415658603419,-0.000181937035122965,-0.000143175848856595,0.000579584631519866,0.000579584631519866,-0.005,-0.001125
21,alap,0.00093448950083772,0.00116107974260855,0.000657545872006704,0.00543326246845456,0.00625042609841673,0.00461609883849238,-0.000383008325211114,0.00049908086204694,-0.000812560784386142,-0.000565181351165837,-0.00619149292667981,-0.00435707906014654,-0.000185990840028201,-0.000146975693572793,0.000595216242571796,0.000595216242571796,-0.005,-0.001125
22,alap,0.000957898397862781,0.00119274594964884,0.000670862501235381,0.00541624782969329,0.00621595712769671,0.00461653853168987,-0.000355089355288229,0.000492410956747823,-0.000771399870546949,-0.000551971478497565,-0.00711701067261276,-0.00513253133181317,-0.000189776351790379,-0.000150566000448779,0.000610126368065466,0.000610126368065466,-0.005,-0.001125
23,alap,0.000980270594743014,0.00122287131113384,0.000683758608043112,0.00540464086965669,0.00619082403114791,0.00461845770816548,-0.000326999102514261,0.000485381313697133,-0.000735047450033911,-0.000539868972053981,-0.00793368794221348,-0.00584599463868198,-0.000193300869588519,-0.000153936296367003,0.000624376174995551,0.000624376174995551,-0.005,-0.001125
24,alap,0.00100169120713704,0.00125161233114318,0.000696232055573971,0.00539770417545508,0.00617382577297384,0.00462158257793632,-0.000298809320445942,0.000478032593038841,-0.00070294946831994,-0.000528789315926765,-0.00865427566915435,-0.00650251462513275,-0.00019656932199971,-0.00015707755351509,0.000638019877157349,0.000638019877157349,-0.005,-0.001125
25,alap,0.00102223419506025,0.00127910911009551,0.000708275965572705,0.00539477800177233,0.00616389883669488,0.00462565716684979,-0.000270574937417234,0.000470400604718454,-0.000674616345791698,-0.000518654837857238,-0.00929004507754294,-0.0071067361166174,-0.000199585231419513,-0.00015998175736142,0.00065110458284092,0.00065110458284092,-0.005,-0.001125
26,alap,0.00104196303235999,0.00130548512928045,0.000719880469457207,0.00539527109804312,0.00616010085785706,0.00463044133822917,-0.000242336977703879,0.000462515256008574,-0.000649615539565904,-0.00050939418818035,-0.00985095966926917,-0.00766293518832063,-0.000202351215327716,-0.000162641694678451,0.000663670721248403,0.000663670721248403,-0.005,-0.001125
27,alap,0.00106093166795861,0.00133084812356378,0.000731033777774508,0.00539865267829635,0.0061615962799751,0.00463570907661761,-0.000214124889949022,0.000454400519400317,-0.000627564945634581,-0.000500941853897731,-0.0103458273059459,-0.00817504871463156,-0.000204869274455993,-0.000165050846380593,0.000675752654750704,0.000675752654750704,-0.005,-0.001125
28,alap,0.00107918552194661,0.00135529138950109,0.000741722794935582,0.00540444533804197,0.00616764372811702,0.00464124694796692,-0.000185958400913075,0.000446074817338645,-0.000608127057097298,-0.00049323770870165,-0.0107824346580132,-0.00864670158712525,-0.000207140984418334,-0.000167203334381309,0.000687379313341792,0.000687379313341792,-0.005,-0.001125
29,alap,0.00109676241825686,0.00137889521268757,0.000751933447285994,0.00541221878167028,0.00617758486880123,0.00464685269453932,-0.000157848996440277,0.00043755154912585,-0.000591003796643778,-0.000486226597640918,-0.0111676660519004,-0.00908123178081213,-0.000209167645119479,-0.00016909390058447,0.000698574788698638,0.000698574788698638,-0.005,-0.001125
30,alap,0.00111369342342469,0.00140172826590253,0.000761650838173997,0.00542158425572,0.00619083456939343,0.00465233394204657,-0.000129801110738563,0.00042883963884134,-0.000575931947608702,-0.000479857954336838,-0.0115076085202039,-0.00948171343712544,-0.00021095041343825,-0.000170717908913433,0.000709358868423369,0.000709358868423369,-0.005,-0.001125
31,alap,0.00113000358841829,0.00142384891300542,0.000770859302811797,0.0054321896023737,0.00620687219980794,0.00465750700493945,-0.000101813086236921,0.000419944054076505,-0.000562679115214987,-0.000474085448454925,-0.0118076446545589,-0.00985097812001616,-0.000212490431465644,-0.000172071366859983,0.000719747508546682,0.000719747508546682,-0.005,-0.001125
32,alap,0.00114571260059515,0.00144530639468875,0.000779542407814071,0.005443714860262,0.00622523394105811,0.00466219577946589,-7.38779511382918e-05,0.000410866277555309,-0.000551040156909732,-0.000468866661174315,-0.0120725346769578,-0.0101916343896749,-0.000213788956597381,-0.000173150965452322,0.000729753248786717,0.000729753248786717,-0.005,-0.001125
33,alap,0.00116083535569075,0.00146614189213308,0.000787682922261241,0.00545586834913604,0.00624550598241517,0.00466623071585692,-4.59840502329716e-05,0.000401604728000084,-0.000540834027515077,-0.000464162786522037,-0.0123064889816127,-0.010506085827205,-0.00021484749713372,-0.000173954137609705,0.00073938557687309,0.00073938557687309,-0.005,-0.001125
34,alap,0.00117538245980276,0.00148638947390008,0.000795262775906029,0.00546838318260347,0.00626731850326248,0.00466944786194446,-1.81155559379328e-05,0.000392155132620123,-0.000531900991108254,-0.00045993835659099,-0.012513232254355,-0.0107965476331572,-0.000215667955916279,-0.000174479135367579,0.000748651248282009,0.000748651248282009,-0.005,-0.001125
35,alap,0.00118936067045532,0.00150607693536247,0.000802263013346583,0.0054810141595748,0.00629034034800658,0.00467168797114303,9.74711981523114e-06,0.000382510855877359,-0.000524100157089382,-0.000456160988813121,-0.0126960601481218,-0.011065061913208,-0.000216252784100762,-0.000174725126762908,0.000757554567168994,0.000757554567168994,-0.005,-0.001125
36,alap,0.00120277328475287,0.00152522654129555,0.000808663748978479,0.00549353499065835,0.00631427431308729,0.00467279566822942,3.7626996899469e-05,0.000372663189813783,-0.000517307302826042,-0.000452801153604181,-0.0128578893794915,-0.0113135117553867,-0.000216605147048021,-0.000174692313405911,0.000766097633600553,0.000766097633600553,-0.005,-0.001125
37,alap,0.0012156204816225,0.00154385568230657,0.000814444125230855,0.00550573582064557,0.00633885297449568,0.00467261866679547,6.55502690461792e-05,0.000362601611167682,-0.00051141294963389,-0.000449831960830883,-0.0130013020108125,-0.0115436341950767,-0.000216729104344634,-0.000174382069987557,0.000774280561542994,0.000774280561542994,-0.005,-0.001125
38,alap,0.0012278996242739,0.00156197745524656,0.000819582275307321,0.00551742101255137,0.0063638349924519,0.00467100703265083,9.35461067641903e-05,0.000352314010190727,-0.00050632066272054,-0.00044722896367535,-0.0131285845937154,-0.0117570321564831,-0.000216629806064125,-0.000173797107202435,0.000782101671512042,0.000782101671512042,-0.005,-0.001125
39,alap,0.00123960552827701,0.00157960117698155,0.000824055290971469,0.00552840716248808,0.00638900183715891,0.00466781248781724,0.000121646513230299,0.000341786895694362,-0.000501945549141197,-0.00044496997858629,-0.0132417627713649,-0.0119551854523184,-0.000216313707519937,-0.000172941659811004,0.000789557661322936,0.000789557661322936,-0.005,-0.001125
40,alap,0.00125073070005314,0.0015967328400706,0.00082783919558735,0.00553852131801664,0.00641415488595064,0.00466288775008264,0.00014988622678015,0.00033100558048055,-0.000498212930840351,-0.000443034920112173,-0.0133426318674912,-0.0121394609170679,-0.000215788804928881,-0.000171821701826139,0.000796643757995629,0.000796643757995629,-0.005,-0.001125
1,optimista,0.000248393641569771,0.000256463645263926,0.00023853030372136,0.00429846425198865,0.0051750649926014,0.0034218635113759,-0.000340416645281805,0.000374751705673367,-0.000407786037316082,-0.000139740319934132,0.0185613897282532,0.0140647213629308,-0.00018592344135176,-4.95671913662836e-05,0.000158212510553995,0.000158212510553995,-0.0003125,0
2,optimista,0.000398807730412261,0.000417742309176444,0.000375665467478262,0.00451424876235373,0.00539346850046485,0.00363502902424261,-0.000558527187875348,0.000547409170364269,-0.000371786611257357,-0.000143858038853172,0.0170134854651201,0.0131158916825,-0.000150472736884886,-7.48253808981864e-05,0.000254017662682969,0.000254017662682969,-0.000625,0
3,optimista,0.000490226861578905,0.000521530042634955,0.000451967418065958,0.00472604525741486,0.00561514661689047,0.00383694389793925,-0.000697956757328644,0.000631523944968979,-0.000343421591442394,-0.000149445316341102,0.0155976955427529,0.0122072665950905,-0.000141064432709109,-8.99239629918093e-05,0.000312246408648985,0.000312246408648985,-0.0009375,0
4,optimista,0.00055360057295958,0.000598095435758525,0.000499217962871983,0.00494168101831074,0.00584712868168495,0.00403623335493654,-0.000785538950511926,0.000672994894329784,-0.000320535831460959,-0.000155963707738307,0.0142958099466228,0.0113342531218665,-0.000140016490161934,-0.000100104103118038,0.000352611829910561,0.000352611829910561,-0.00125,0
5,optimista,0.000603918960809579,0.000662087074785331,0.00053282459928366,0.00516481722708402,0.00609256228306559,0.00423707217110245,-0.000838273332272833,0.000693976137493008,-0.000301829469293567,-0.000163129887263068,0.013093804985471,0.0104934342494231,-0.000142969870454991,-0.000107876269610688,0.000384661758477439,0.000384661758477439,-0.0015625,0
6,optimista,0.000648454513190674,0.000720623801226521,0.000560247605591305,0.00539717095089234,0.00635282519963734,0.00444151670214734,-0.00086719198562817,0.000705155118975556,-0.000286438127198229,-0.000170784172516164,0.0119803339428713,0.00968206176008712,-0.000147853338997179,-0.000114445654557937,0.000413028352350748,0.000413028352350748,-0.001875,0
7,optimista,0.000690741826933766,0.000777189231138996,0.000585083888460709,0.0056395815569624,0.00662853646320182,0.00465062665072298,-0.000879584546600129,0.000711674211146289,-0.000273727771674013,-0.00017882716290513,0.0109459312923864,0.0088978054888856,-0.000153698136441824,-0.000120397418905553,0.000439962947091571,0.000439962947091571,-0.0021875,0
8,optimista,0.00073249903775535,0.000833504916587355,0.00060904740807179,0.00589252139708709,0.0069200386349383,0.00486500415923587,-0.000880325366254253,0.000715985157912458,-0.000263193198954033,-0.000187189178806681,0.00998256851482257,0.00813862647563555,-0.000160067284036786,-0.000126025644391594,0.000466559896659459,0.000466559896659459,-0.0025,0
9,optimista,0.000774553497862027,0.000890427865131968,0.000632929271198766,0.0061563396584296,0.00722762675748403,0.00508505255937517,-0.00087269298984359,0.000719220911217275,-0.000254406637945256,-0.000195815490176989,0.00908338642667131,0.00740271017010104,-0.00016678039523434,-0.000131490796637027,0.000493346176982183,0.000493346176982183,-0.0028125,0
10,optimista,0.000817283122927068,0.000948373886227541,0.000657061078893158,0.00643137840181062,0.00755165651431511,0.00531110028930613,-0.000858892536708901,0.000721846604317582,-0.000246990683679875,-0.000204659146716592,0.00824251901566096,0.00668842893760993,-0.00017377974487316,-0.000136894482698393,0.000520562498679662,0.000520562498679662,-0.003125,0
11,optimista,0.000860817854993754,0.00100750472259776,0.000681533905699976,0.00671802753944435,0.00789259525257294,0.00554345982631576,-0.000840398630217125,0.000723952894456918,-0.000240603134095248,-0.000213677477809144,0.0074549672256845,0.00599431904037502,-0.000181062429185855,-0.000142313868539627,0.000548291627384557,0.000548291627384557,-0.0034375,0
12,optimista,0.000905114916506866,0.00106778740366327,0.000706292987760156,0.00701675059190438,0.00825104631173366,0.0057824548720751,-0.000818187491868989,0.000725359501421438,-0.000234927745733145,-0.000222830388274732,0.0067165021005755,0.0053190649211067,-0.000188640887559096,-0.000147815488186759,0.000576506316246412,0.000576506316246412,-0.00375,0
13,optimista,0.000949954970816399,0.00112896715996358,0.000731162295192066,0.00732809607206741,0.00862776102603479,0.00602843111810004,-0.000792900612179436,0.000725596753219415,-0.000570293039843869,-0.000394579580099157,0.00602358682203234,0.00466148726765852,-0.000196510902416047,-0.000153456787003811,0.000605066860392612,0.000605066860392612,-0.004375,-0.0004375
14,optimista,0.000994868070806336,0.00119045448959962,0.000755818003392323,0.00754788313103458,0.00888171779124546,0.00621404847082371,-0.000764968716177864,0.0007237744445023,-0.000896229766912495,-0.000564095732850768,0.00485556206036804,0.00373493929225133,-0.000204612188098236,-0.000159277384262361,0.000633673930449896,0.000633673930449896,-0.005,-0.000875
15,optimista,0.00103920431955282,0.00125132765633676,0.000779942463483564,0.00767215190094481,0.00900831448878037,0.00633598931310924,-0.000734734848062293,0.000720125535818211,-0.0012154275485433,-0.000731845368102837,0.00325051471164265,0.00255679407715354,-0.000212685088834707,-0.000165247326071481,0.000661913579333007,0.000661913579333007,-0.005625,-0.0013125
16,optimista,0.00108230914843563,0.0013105981742318,0.000803289228018087,0.00769605455281672,0.0090015980623708,0.00639051104326262,-0.000702519301011165,0.000714863598357462,-0.00153041791220299,-0.000898281380143574,0.0012405391022747,0.00114273613885512,-0.00022050652292263,-0.000171292089023083,0.000689368884353904,0.000689368884353904,-0.00625,-0.00175
17,optimista,0.00112365688266172,0.0013674133047453,0.000825732366781788,0.00761385654834282,0.00885426435175665,0.006373448744929,-0.000668649516948911,0.000708429212287316,-0.00142485370221608,-0.000870094777602728,-0.00114772307938757,-0.000493130193689968,-0.000227886594655403,-0.000177308227548544,0.000715705020803645,0.000715705020803645,-0.00625,-0.00175
18,optimista,0.00116301012637669,0.00142128894692765,0.000847336012369969,0.00754652717666787,0.0087321148150668,0.00636093953826895,-0.000633462843023143,0.000701776849909844,-0.00133154404491853,-0.000844200132390636,-0.00325611455278663,-0.00199766525564227,-0.000234697352959495,-0.000183180534767267,0.000740770781131651,0.000740770781131651,-0.00625,-0.00175
19,optimista,0.00120038481417709,0.00147218030201368,0.000868190329043482,0.00749219883873748,0.00863202280615251,0.00635237487132244,-0.000597259897521321,0.000694585461217406,-0.00124908106585609,-0.000820422372966825,-0.00511725577342346,-0.0033814637255367,-0.000241041903536186,-0.000188847378520242,0.000764576314762477,0.000764576314762477,-0.00625,-0.00175
20,optimista,0.00123589555289395,0.00152023660693939,0.000888367597949529,0.00744923759536821,0.00855125319379943,0.00634722199693699,-0.000560292725909943,0.000686765775971779,-0.00117621479172601,-0.000798598731816443,-0.00675999620485354,-0.00465428285974906,-0.000246972927320755,-0.000194272392190072,0.000787194619677675,0.000787194619677675,-0.00625,-0.00175
21,optimista,0.00126968679100919,0.00156568226945988,0.000907914539569445,0.00741620028193993,0.00848740018019908,0.00634500038368079,-0.000522766425905946,0.000678328097572146,-0.00111183797900448,-0.000778578739998528,-0.00820984287803439,-0.005825105987929,-0.000252518791570236,-0.000199431381447898,0.000808717701279736,0.000808717701279736,-0.00625,-0.00175
22,optimista,0.00130190337921062,0.00160876020382213,0.0009268561491299,0.00739180528643793,0.00843834118734011,0.00634526938553574,-0.000484845115663346,0.000669320975272792,-0.00105497100730905,-0.000760223696996066,-0.00948934446221949,-0.00690220282407997,-0.000257695882646907,-0.000204306285472125,0.000829237821153264,0.000829237821153264,-0.00625,-0.00175
23,optimista,0.00133267894022,0.00164970575062453,0.000945201727503363,0.00737491069333128,0.00840220022540109,0.00634762116126146,-0.000446658566251255,0.000659803352193942,-0.00100474773690582,-0.000743405943666875,-0.0106184331702183,-0.00789318583034655,-0.000262514446683483,-0.000208882388877245,0.000848840089312103,0.000848840089312103,-0.00625,-0.00175
24,optimista,0.00136213210458885,0.0016887355753455,0.000962950084775167,0.0073644967500464,0.00837731742631599,0.00635167607377681,-0.000408308182751675,0.000649832416751206,-0.000960402643355979,-0.00072800808540783,-0.0116147280718042,-0.00880506248482376,-0.000266981383432824,-0.000213147023516922,0.000867600066617103,0.000867600066617103,-0.00625,-0.00175
25,optimista,0.00139036608538549,0.00172604382852259,0.000980093288217924,0.00735965114654522,0.00836222299182908,0.00635707930126135,-0.000369871995606104,0.000639458740722842,-0.000921259278991013,-0.000713922229288103,-0.0124938036861151,-0.00964428357068683,-0.000271101616996247,-0.000217088951777775,0.000885583493876109,0.000885583493876109,-0.00625,-0.00175
26,optimista,0.00141746956527451,0.00176180174841566,0.00099661911921311,0.00735955632257546,0.00835561456321717,0.00636349808193374,-0.000331408693801268,0.000628724736139172,-0.000886719998748391,-0.000701049260907181,-0.0132694276058757,-0.0104167877101263,-0.000274878805792457,-0.000220698064028094,0.000902846856862747,0.000902846856862747,-0.00625,-0.00175
27,optimista,0.00144351801196253,0.00179615881861983,0.00101251258160361,0.00736347836147644,0.00835633739420558,0.0063706193287473,-0.000292960845675801,0.000617664572953716,-0.000856256845563072,-0.000689298169713626,-0.0139537706236794,-0.0111280424006644,-0.000278315748338503,-0.000223965225424963,0.000919438224179956,0.000919438224179956,-0.00625,-0.00175
28,optimista,0.00146857505260513,0.00182924455294767,0.00102775677440869,0.00737075719618424,0.00836336690065966,0.00637814749170881,-0.00025455746685545,0.000606304696344351,-0.00082940347972506,-0.000678585424111753,-0.0145575924977513,-0.0117830818139029,-0.000281414651087587,-0.000226882199351118,0.000935398122678426,0.000935398122678426,-0.00625,-0.00175
29,optimista,0.00149269376495057,0.00186117045786253,0.00104233336250261,0.00738079793694635,0.00837579326550304,0.00638580260838966,-0.000216216074393203,0.000594664551264009,-0.000805748039502875,-0.000668834394620146,-0.0150904061620458,-0.0123865416060841,-0.000284177335791116,-0.000229441616094465,0.000950760359841126,0.000950760359841126,-0.00625,-0.00175
30,optimista,0.00151591784027033,0.00189203196091288,0.00105622280392943,0.00739306317532843,0.00839280783986988,0.00639331851078697,-0.000177944338342337,0.00058275734081168,-0.000784926828640877,-0.000659974822211527,-0.0155606228739879,-0.0129426909743248,-0.000286605422730934,-0.000231636973688094,0.000965552764503395,0.000965552764503395,-0.00625,-0.00175
31,optimista,0.00153828261272264,0.00192191021205071,0.0010694044357661,0.00740706614581067,0.0084136911229022,0.00640044116871915,-0.000139741416385108,0.000570590746251805,-0.000766618736324589,-0.000651942328661698,-0.0159756805098227,-0.0134554621756453,-0.00028870050729621,-0.000233462665821273,0.000979797842498494,0.000979797842498494,-0.00625,-0.00175
32,optimista,0.00155981596442686,0.00195087372317943,0.00108185648150706,0.00742236464405421,0.00843780213285934,0.00640692715524908,-0.000101599036412676,0.000558167582616681,-0.000750540305235546,-0.000644677965776398,-0.0163421569635449,-0.013928477709486,-0.000290464338833131,-0.000234914035196286,0.00099351335313813,0.00099351335313813,-0.00625,-0.00175
33,optimista,0.0015805391197708,0.00197897983963753,0.00109355601771146,0.00743855561410317,0.00846456900609067,0.00641254222211567,-6.35023760897978e-05,0.000545486384278769,-0.000736441372718657,-0.000638127800535303,-0.0166658703793257,-0.0143650753488637,-0.000291899006907163,-0.000235987452234908,0.00100671281514064,0.00100671281514064,-0.00625,-0.00175
34,optimista,0.00160046734267549,0.0020062760505709,0.00110447892191442,0.00745527032737686,0.0084934806802607,0.00641705997449302,-2.54307766096606e-05,0.000532541923523788,-0.000724101218631843,-0.000632242533401423,-0.0169519677468918,-0.0147683311908613,-0.00029300713850552,-0.000236680419772695,0.00101940595074872,0.00101940595074872,-0.00625,-0.00175
35,optimista,0.00161961054937586,0.00203280115083101,0.00111459981426402,0.00747217008523646,0.00852407953519362,0.0064202606352793,1.2641680888742e-05,0.000519325668452003,-0.000713325161104431,-0.000626977147255804,-0.0172050032118676,-0.0151410808837713,-0.00029379210908423,-0.000236991704809028,0.00103159907603558,0.00103159907603558,-0.00625,-0.00175
36,optimista,0.0016379738478034,0.00205858626897401,0.00112389199970598,0.00748894238464316,0.00855595487946945,0.00642192988981686,5.07457142138509e-05,0.00050582618747377,-0.000703941548241319,-0.000622290584618467,-0.0174290072961529,-0.0154859391758848,-0.00029425827019016,-0.000236921498709186,0.00104329544446076,0.00104329544446076,-0.00625,-0.00175
37,optimista,0.00165555801326408,0.00208365577606163,0.00113232741428931,0.00750529749320335,0.00858873718384778,0.00642185780255892,8.89164770838734e-05,0.000492029507615189,-0.000695799099847386,-0.000618145451003226,-0.0176275480846721,-0.0158053179195575,-0.000294411196421418,-0.000236471607562172,0.00105449554984974,0.00105449554984974,-0.00625,-0.00175
38,optimista,0.00167235990890003,0.00210802808925682,0.00113987657735284,0.00752096538587067,0.00862209297398589,0.00641983779775546,0.000127193280505232,0.000477919433426136,-0.000688764558590432,-0.000614507742426456,-0.0178037853122065,-0.0161014426537178,-0.000294257954623888,-0.000235645674714403,0.00106519739420384,0.00106519739420384,-0.00625,-0.00175
39,optimista,0.00168837285841318,0.00213171638316095,0.00114650855038813,0.00753569300084644,0.0086557203049549,0.00641566569673797,0.000165619387639756,0.000463477832756757,-0.00068272061474775,-0.000611346595248869,-0.0179605181756536,-0.0163763678783464,-0.000293807398412269,-0.000234449437834874,0.00107539672510394,0.00107539672510394,-0.00625,-0.00175
40,optimista,0.00170358697769138,0.00215472922069886,0.00115219090290445,0.00754924177687042,0.00868934474890388,0.00640913880483694,0.000204241873333599,0.000448684895152946,-0.000677564072861838,-0.000608634056676456,-0.0181002276012875,-0.016631991125579,-0.000293070491333252,-0.00023289102322559,0.00108508724693718,0.00108508724693718,-0.00625,-0.00175
1,pesszimista,0.000121881151262358,0.000126418150515568,0.00011633592995288,0.00214498758318343,0.00263795452159016,0.00165202064477669,-0.000162563629342965,0.000184169379622032,-0.000215932259726819,-7.13177167326381e-05,0.00947845616246215,0.00679973796469305,-8.50326059146882e-05,-2.24627529928474e-05,7.76313065365337e-05,7.76313065365337e-05,-0.0001875,0
2,pesszimista,0.000193110682602574,0.000203755804088101,0.000180099978564708,0.00224861698460294,0.00274433270057317,0.00175290126863271,-0.000266763131992806,0.000264680773094146,-0.000204596896004559,-7.6926355261706e-05,0.00867631631955427,0.00633441017930078,-7.0437942444017e-05,-3.42738180624188e-05,0.000123000434778709,0.000123000434778709,-0.000375,0
3,pesszimista,0.000236788872111674,0.000254386906046926,0.000215280163968587,0.00234857108642956,0.00285003566175773,0.00184710651110139,-0.000333303801737111,0.000303922487225662,-0.000196896514539176,-8.31857145240792e-05,0.00793151322164963,0.00588249160096329,-6.6268728615341e-05,-4.13799512317455e-05,0.000150820937650747,0.000150820937650747,-0.0005625,0
4,pesszimista,0.000267316378281929,0.000292320980896636,0.000236755197308398,0.00244835618794632,0.00295814746860019,0.00193856490729246,-0.000374959066452363,0.000323238141344571,-0.00019185650248798,-8.98548957317747e-05,0.0072356548584676,0.00544216812763906,-6.59959717605516e-05,-4.62198430565137e-05,0.00017026520909677,0.00017026520909677,-0.00075,0
5,pesszimista,0.00029166239501939,0.000324322882340895,0.00025174402162644,0.0025495243812127,0.00306992463578354,0.00202912412664187,-0.000399843993291937,0.000332930336579885,-0.000188900332579999,-9.68115166588976e-05,0.00658225023176249,0.00501213974200851,-6.75886353620278e-05,-4.99609051783346e-05,0.000185772226127,0.000185772226127,-0.0009375,0
6,pesszimista,0.000313200878231383,0.00035366563257788,0.000263743956252331,0.00265270635532711,0.00318577688806716,0.00211963582258707,-0.000413239834550114,0.000337969375436631,-0.000187654610411915,-0.000103990581352307,0.00596600921465277,0.00459138651438008,-7.00789428259536e-05,-5.31623850346692e-05,0.000199491005242919,0.000199491005242919,-0.001125,0
7,pesszimista,0.000333563618289133,0.00038193657742222,0.000274441112682027,0.00275810649832819,0.00330573574352157,0.00221047725313481,-0.000418647195453958,0.000340747120711105,-0.000187853948926627,-0.000111355044472821,0.00538247374609402,0.00417905374193439,-7.30110249190727e-05,-5.60941250462289e-05,0.000212460903368874,0.000212460903368874,-0.0013125,0
8,pesszimista,0.000353535460435532,0.000409906065683425,0.000284638054021441,0.00286573929228206,0.00342967693575486,0.00230180164880927,-0.000418416092231093,0.000342405110625158,-0.000189294040203586,-0.000118881641068686,0.00482781205642084,0.00377439456417669,-7.61754043240074e-05,-5.8889534823297e-05,0.00022518182193346,0.00022518182193346,-0.0015,0
9,pesszimista,0.000373486202774064,0.00043794403227307,0.000294704411164167,0.0029755413936911,0.00355742477069857,0.00239365801668363,-0.000414136031356015,0.000343473761852667,-0.000191808042249694,-0.000126554065674257,0.00429869451249035,0.00337674035178964,-7.94809779186569e-05,-6.16187661648831e-05,0.000237889301129977,0.000237889301129977,-0.0016875,0
10,pesszimista,0.000393577425197978,0.000466217409189138,0.000304795222542115,0.00308742408497236,0.00368880005130877,0.00248604811863594,-0.000406885173088248,0.00034417718536018,-0.000195254288803051,-0.000134359689291122,0.0037922115626463,0.00298548456377765,-8.28928444409465e-05,-6.4323430634241e-05,0.000250686258087884,0.000250686258087884,-0.001875,0
11,pesszimista,0.000413858454505146,0.000494779247279159,0.000314955263336908,0.00320129717149361,0.00382364117596158,0.00257895316702565,-0.000397394027597953,0.000344573171161096,-0.000199509542638303,-0.000142287982695374,0.00330581446553335,0.00260007318165962,-8.64011541485328e-05,-6.70326293893239e-05,0.000263604111149775,0.000263604111149775,-0.0020625,0
12,pesszimista,0.00043430511664344,0.000523600754577111,0.000325166003613397,0.00331707917024996,0.00396181257554325,0.00267234576495667,-0.000386156017279163,0.00034460756070947,-0.000204465008284866,-0.000150329771166388,0.00283726923744646,0.00221999839298952,-9.00036717672402e-05,-6.97695771255453e-05,0.000276627462830217,0.000276627462830217,-0.00225,0
13,pesszimista,0.00045482448646761,0.000552567061415031,0.000335361339309652,0.00343470075735742,0.00410320719161282,0.00276619432310202,-0.000373504772178976,0.000344116625923957,-0.000331898767268142,-0.000214726911165416,0.00238461896298114,0.00184479390051512,-9.3692766510716e-05,-7.25528794919607e-05,0.000289697125138605,0.000289697125138605,-0.002625,-0.000125
14,pesszimista,0.000475232008516394,0.000581439911471381,0.000345422349349188,0.00351699516005427,0.00419696480346004,0.00283702551664849,-0.000359671343429677,0.000342785470260411,-0.000456427363084838,-0.000278428618072911,0.00176090188858451,0.00137517165911614,-9.74406653877991e-05,-7.53937029969985e-05,0.000302695546825729,0.000302695546825729,-0.003,-0.00025
15,pesszimista,0.000495278752462856,0.000609860008001526,0.000355234995693369,0.00356225998446563,0.0042410059743304,0.00288351399460086,-0.000344837000931902,0.000340700337461419,-0.000579031466069454,-0.000341602369971349,0.000979087202266331,0.00081707477989719,-0.000101148414863327,-7.82775180450257e-05,0.00031546417354322,0.00031546417354322,-0.003375,-0.000375
16,pesszimista,0.00051471610326366,0.000637445552293701,0.000364713443338054,0.00356845382066362,0.00423273449010938,0.00290417315121785,-0.000329162505997902,0.000337946592110346,-0.000700639749806773,-0.000404411405621165,5.00050137274442e-05,0.000175854875677684,-0.000104729793972816,-8.11730500462739e-05,0.000327844651760293,0.000327844651760293,-0.00375,-0.0005
17,pesszimista,0.000533346704843403,0.00066386991801306,0.000373818333191601,0.00353319440982319,0.00416903347268106,0.00289735534696532,-0.000312802799041415,0.000334702853755564,-0.00065338950576386,-0.000392015344674357,-0.00101746765666522,-0.000543690913485396,-0.000108110852559706,-8.40380281838457e-05,0.00033971127697032,0.00033971127697032,-0.00375,-0.0005
18,pesszimista,0.0005510870426559,0.000688953850973648,0.000382583165823095,0.00350453267849085,0.00411656575825407,0.00289249959872764,-0.00029591024641666,0.000331353851273695,-0.000611624655205765,-0.000380629004761457,-0.00195974632259303,-0.00120547333607631,-0.000111241816959917,-8.68257915686544e-05,0.00035101085519484,0.00035101085519484,-0.00375,-0.0005
19,pesszimista,0.000567953436772074,0.000712695010169746,0.00039104706928603,0.0034816382644841,0.00407393631527094,0.00288934021369725,-0.000278617676618871,0.000327774400291991,-0.000574714501729308,-0.000370175205937764,-0.00279142848237614,-0.00181415514514075,-0.000114164706370952,-8.95112092469074e-05,0.000361753781383486,0.000361753781383486,-0.00375,-0.0005
20,pesszimista,0.00058400019007843,0.000735168222129665,0.000399239262015809,0.00346378339409414,0.00403992346627185,0.00288764332191642,-0.000261034891024767,0.000323932014372605,-0.000542099361502382,-0.000360582267801261,-0.00352542310088588,-0.00237403031231934,-0.000116901142925173,-9.20793055231171e-05,0.000371974643362057,0.000371974643362057,-0.00375,-0.0005
21,pesszimista,0.000599292210666254,0.000756477215757219,0.000407177204443962,0.00345032465496919,0.00401345201663439,0.00288719729330398,-0.000243250224516284,0.000319833626521735,-0.000513283589767802,-0.000351783962333145,-0.00417314297532521,-0.00288905213236409,-0.000119462888486164,-9.45200056976866e-05,0.000381714783863855,0.000381714783863855,-0.00375,-0.0005
22,pesszimista,0.000613893416514939,0.000776731695475548,0.000414868853340861,0.00344069037294866,0.00399357306805332,0.00288780767784401,-0.000225333594913113,0.000315500938222855,-0.000487828733784852,-0.000343719259999065,-0.00474467688300601,-0.00336285983954638,-0.00012185682093385,-9.68257154254308e-05,0.000391014914977667,0.000391014914977667,-0.00375,-0.0005
23,pesszimista,0.000627862249266026,0.000796036871643163,0.000422315488582859,0.00343437104598211,0.00397944783689473,0.00288929425506949,-0.000207339638777269,0.000310959275200324,-0.000465347163162007,-0.000336332000441086,-0.00524894271420868,-0.00379880344701742,-0.000124087292493553,-9.89902038567601e-05,0.000399912260678997,0.000399912260678997,-0.00375,-0.0005
24,pesszimista,0.000641250309685223,0.000814489086940864,0.000429514026372773,0.00343091160086376,0.0039703341196317,0.00289148908209582,-0.000189310458140211,0.000306232769326476,-0.000445496293283902,-0.000329570546445699,-0.0056938232665045,-0.00419996676544176,-0.000126157260566595,-0.000101008083513256,0.000408439687697594,0.000408439687697594,-0.00375,-0.0005
25,pesszimista,0.000654102304734999,0.000832174391668418,0.000436458642927485,0.00342990485699945,0.00396557468156067,0.00289423503243822,-0.000171277879228366,0.000301342468714065,-0.000427973412592382,-0.000323387446426372,-0.0060862864689708,-0.00456918866254799,-0.000128068845842779,-0.000102874562945063,0.000416625671805731,0.000416625671805731,-0.00375,-0.0005
26,pesszimista,0.000666456499445473,0.000849168510145248,0.000443141819701303,0.00343098587351077,0.00396458715249694,0.00289738459452461,-0.000153265261606493,0.000296305775877977,-0.000412511080383419,-0.000317739115453518,-0.00643249173266269,-0.00490908266651494,-0.000129823624862974,-0.000104585325328806,0.000424494585634059,0.000424494585634059,-0.00375,-0.0005
27,pesszimista,0.00067834532395468,0.000865537428507721,0.000449554973945408,0.00343382699511627,0.00396685516574461,0.00290079882448792,-0.000135288934222246,0.000291136465846918,-0.000398873045706091,-0.000312585538081837,-0.00673788398821235,-0.00522205502859875,-0.000131422800573482,-0.000106136467336223,0.000432067085321452,0.000432067085321452,-0.00375,-0.0005
28,pesszimista,0.000689795991288097,0.000881338226054515,0.000455688815462475,0.0034381334798997,0.00397192055557438,0.00290434640422502,-0.000117359334970701,0.000285844938332937,-0.000386850634469535,-0.000307889993291546,-0.00700727681827499,-0.00551032136034764,-0.00013286731774908,-0.0001075244694115,0.000439360504005157,0.000439360504005157,-0.00375,-0.0005
29,pesszimista,0.000700831071563158,0.000896619967512615,0.000461533532069376,0.00344363962639421,0.00397937647209943,0.00290790278068899,-9.94819184873526e-05,0.000280438546987694,-0.000376259553784681,-0.000303618800661691,-0.00724492594175493,-0.00577592195554015,-0.000134157954447841,-0.000108746185074473,0.000446389217556151,0.000446389217556151,-0.00375,-0.0005
30,pesszimista,0.000711469006579048,0.000911424570892176,0.000467078872418558,0.00345010533611157,0.00398886129891698,0.00291134937330617,-8.16578831347894e-05,0.000274921936871,-0.000366937066576526,-0.000299741086462148,-0.0074545941664199,-0.00602073589992606,-0.000135295404145566,-0.000109798844138772,0.000453164972343343,0.000453164972343343,-0.00375,-0.0005
31,pesszimista,0.000721724564113947,0.00092578761396014,0.000472314169857488,0.00345731305893672,0.00400005327671369,0.00291457284115975,-6.38847560887343e-05,0.000269297361901206,-0.000358739494105386,-0.000296228568248153,-0.00763960879929522,-0.00624649406438698,-0.000136280355635077,-0.000110680067898692,0.00045969717459487,0.00045969717459487,-0.00375,-0.0005
32,pesszimista,0.000731609236763428,0.000939739066198079,0.000477228334121075,0.00346506507646979,0.00401266574925689,0.00291746440368269,-4.61568658639078e-05,0.000263564972493938,-0.000351540008583917,-0.000293055356572232,-0.00780291239037065,-0.00645479106986376,-0.000137113574361631,-0.000111387895708357,0.000465993144435304,0.000465993144435304,-0.00375,-0.0005
33,pesszimista,0.000741131591610707,0.000953303944628632,0.000481809826811021,0.00347318108416892,0.00402644295873967,0.00291991920959816,-2.84657243761457e-05,0.000257723071721398,-0.000345226682311496,-0.000290197772508772,-0.00794710758389967,-0.00664709630554627,-0.000137795987360276,-0.000111920822984501,0.000472058338605546,0.000472058338605546,-0.00375,-0.0005
34,pesszimista,0.000750297576930023,0.000966502897229249,0.000486046629897636,0.00348149603783008,0.00404115632626426,0.00292183574939589,-1.08003352662048e-05,0.000251768341716458,-0.000339700763584665,-0.000287634179780558,-0.00807449676181816,-0.00682476407545312,-0.000138328773327038,-0.000112277850962461,0.000477896545815301,0.000477896545815301,-0.00375,-0.0005
35,pesszimista,0.000759110791534778,0.000979352719893931,0.000489926212429145,0.00348985823391315,0.00405660116081954,0.00292311530700676,6.85255874171989e-06,0.000245696043302715,-0.000334875153074333,-0.000285344830370437,-0.00818711708437594,-0.0069890429426448,-0.000138713459117293,-0.000112458548716788,0.000483510058302406,0.000483510058302406,-0.00375,-0.0005
36,pesszimista,0.000767572721702337,0.000991866813617084,0.00049343549825098,0.00349812759667355,0.00407259374670512,0.00292366144664198,2.45082795850861e-05,0.000239500192153797,-0.000330673057410765,-0.000283311722589896,-0.00828677146283013,-0.0071410843348886,-0.000138952023905882,-0.000112463128102636,0.000488899822740342,0.000488899822740342,-0.00375,-0.0005
37,pesszimista,0.000775682949980914,0.00100405558855152,0.0004965608361724,0.0035061741480878,0.00408896876514358,0.00292337953103201,4.21840610084852e-05,0.000233173714720175,-0.000327026799420395,-0.00028151847065854,-0.00837505593695299,-0.00728195047059591,-0.000139047012267849,-0.000112292532412941,0.000494065573236251,0.000494065573236251,-0.00375,-0.0005
38,pesszimista,0.000783439339647781,0.00101592682123631,0.000499287973261806,0.00351387663923206,0.00410557701091792,0.0029221762675462,5.98989330231486e-05,0.000226708586955319,-0.000323876766850647,-0.000279950184924245,-0.00845338387522434,-0.0074126216592485,-0.000139001657504361,-0.000111948539690467,0.000499005948820242,0.000499005948820242,-0.00375,-0.0005
39,pesszimista,0.00079083819814084,0.00102748597080214,0.000501602031554808,0.00352112132412971,0.00412228336936291,0.00291995927889652,7.76736388208407e-05,0.000220095958631968,-0.000321170483534645,-0.000278593361923711,-0.0085230073670761,-0.00753400302629044,-0.000138820016627604,-0.000111433881787134,0.000503718597541936,0.000503718597541936,-0.00375,-0.0005
40,pesszimista,0.0007978744224149,0.00103873645944234,0.000503487488270254,0.00352780085916287,0.0041389650229974,0.00291663669532834,9.55305802267002e-05,0.000213326265808155,-0.000318861788818863,-0.00027743578354789,-0.00858503613369496,-0.00764693070855684,-0.000138507118524509,-0.000110752380426687,0.000508200269054076,0.000508200269054076,-0.00375,-0.0005
