negyedev,szcenario,y,c,ii,i_S,i_L,efp_S,efp_L,xx,infl,r,rer,dep
1,alap,-0.0098869649799335,4.79818914076204e-05,0.00488836932750215,0.00501169965023589,0.0047650390047684,0.000172850893448876,5.94689419105261e-05,-0.013532826648704,-0.00100328763280975,-0.000330664541309071,-0.0548565307528809,-0.0558598183856906
2,alap,-0.0092272010775043,0.00257507144776748,0.00993672352363394,0.010217073808917,0.00965637323835091,0.000219005326840649,7.24359571377551e-05,-0.018998083777082,-0.00134685065395547,-0.000695532101317501,-0.0537026705459696,-0.000192990447044253
3,alap,-0.00779956555726884,0.00485960072994462,0.0149864916820897,0.0154546552669807,0.0145183280971987,0.000252392664002696,8.09682494976596e-05,-0.0205430752774325,-0.00141317863442169,-0.000995056756613954,-0.0527144451487714,-0.000424953237223418
4,alap,-0.00617492973729889,0.00680944970505761,0.0199018613498713,0.020584228099994,0.0192194945997486,0.000268373968940702,8.33691554682929e-05,-0.0203822438836927,-0.00137204605708482,-0.00120943850332329,-0.0519375252886137,-0.000595126196927196
5,alap,-0.00461858343362845,0.00840709644540799,0.0245769629123115,0.0254942724506097,0.0236596533740133,0.000269680610413613,8.04043188857385e-05,-0.0196279108933005,-0.00129842819125415,-0.00134831996273076,-0.0513218189996539,-0.000682721902294359
6,alap,-0.00323243870614204,0.00967591647718493,0.0289337102565418,0.0301001987741769,0.0277672217389068,0.000261041414152805,7.35528909197958e-05,-0.0187894125966638,-0.00122472370770884,-0.00142971715594849,-0.0507937295439248,-0.000696634251979708
7,alap,-0.0020371262033013,0.0106576113233201,0.0329165181328803,0.0343394001313284,0.0314936361344321,0.0002470299274336,6.42941964316332e-05,-0.0180622043820671,-0.00116406756567677,-0.00147166930804012,-0.0502839964302676,-0.000654334452019522
8,alap,-0.00101741471255719,0.0113985844567876,0.0364865389967635,0.0381657101484117,0.0348073678451153,0.000231329883605334,5.38537518688744e-05,-0.0174893320554401,-0.00112084342842228,-0.00148934904140137,-0.0497366288495553,-0.000573475847710068
9,alap,-0.00014607486075221,0.0119425088928704,0.039616449303835,0.0415442968765488,0.0376886017311212,0.000216603402889447,4.31472229915077e-05,-0.0170479561921369,-0.00109547884007176,-0.00149444363209614,-0.0491101126499481,-0.00046896264046446
10,alap,0.000604472206571888,0.0123268253590724,0.0422860990285569,0.0444473260865517,0.040124871970562,0.000204593991297051,3.28037688479341e-05,-0.0166932729456468,-0.00108665620922498,-0.00149541284411774,-0.0483757538804129,-0.000352297439689817
11,alap,0.00125714900612237,0.0125815684460687,0.0444790331566193,0.0468504266536902,0.0421076396595484,0.000196300963194379,2.32156228549071e-05,-0.0163790508213035,-0.00109233766916219,-0.00149802291571374,-0.0475152296844259,-0.000231813473175186
12,alap,0.00182863958687855,0.0127294717469548,0.0461797771071938,0.0487298719454571,0.0436296822689306,0.000192155837731302,1.45908933297062e-05,-0.0160658710670984,-0.00111023567335843,-0.0015059080223193,-0.0465181839005766,-0.00011318988950918
13,alap,0.00232943317905818,0.0127867039600113,0.0473717460279261,0.0500603552262214,0.0446831368296308,-3.90757484543386e-05,-0.000102374552429389,-0.0157232755977232,-0.00113801998740831,-0.00176868121200551,-0.0453801639131683,0
14,alap,0.0027227446849352,0.0127146092430523,0.0480356423553126,0.0508132374962969,0.0452580472143283,-0.000275066677015075,-0.000221861323912993,-0.015357025783444,-0.00117339794001603,-0.00197780651920741,-0.0442067659731523,0
15,alap,0.00300616814817142,0.0125060258458773,0.0481817964448592,0.050993665216765,0.0453699276729533,-0.00051426052741657,-0.000343058715580431,-0.0149645206577004,-0.0012138980915418,-0.00218700789798152,-0.0429928678816105,0
16,alap,0.00318427779564329,0.0121619835883626,0.0478462228182033,0.0506369362842829,0.0450555093521238,-0.000758533751589983,-0.000466296886506165,-0.0145415643891191,-0.00125705498939482,-0.00239673790350543,-0.0417358128922157,0
17,alap,0.00326708798449947,0.0116891626806598,0.0470910564608153,0.0498092301623618,0.0443728827592688,-0.000716130153064606,-0.000457589041379909,-0.0140853110923246,-0.00130054975093188,-0.00235735888383872,-0.0404352631412838,0
18,alap,0.00328710158425424,0.0111403169058314,0.0460054979068632,0.0486089227073293,0.043402073106397,-0.000675761465992494,-0.000448488053353309,-0.0135952688671782,-0.00134232365699801,-0.00231909128044778,-0.0390929394842858,0
19,alap,0.0032682100911372,0.0105526103994379,0.0446698239044129,0.0471245989745941,0.0422150488342316,-0.000637166983961482,-0.000438992879211581,-0.0130732880783148,-0.0013807065231323,-0.00228205480078908,-0.0377122329611535,0
20,alap,0.00322794686682069,0.0099520020964546,0.0431551571569875,0.0454348724756182,0.0408754418383568,-0.000600222066178795,-0.000429145057132093,-0.0125230930151512,-0.00141444620277952,-0.00224629939769607,-0.036297786758374,0
21,alap,0.0031790933734659,0.00935637310196106,0.0415235159561756,0.043608476745885,0.0394385551664661,-0.000564895586122122,-0.000419015165239378,-0.0119496744707889,-0.00144268654037211,-0.00221182770482869,-0.0348551002180019,0
22,alap,0.00313084676901076,0.0087777287178559,0.0398280840609429,0.0417045729494711,0.0379515951724147,-0.000531215930500736,-0.000408691735489447,-0.0113587069517804,-0.001464922027318,-0.00217861105527639,-0.0333901781906839,0
23,alap,0.00308968061426252,0.00822376475594278,0.0381136478657345,0.0397732229359089,0.0364540727955601,-0.000499244614502259,-0.000398272426270643,-0.0107560622783682,-0.00148094401414533,-0.00214660084000456,-0.0319092341765385,0
24,alap,0.00305998789203155,0.00769900078173628,0.0364171548415538,0.0378559833044366,0.0349783263786709,-0.000469056395795822,-0.000387857175955216,-0.0101474402290981,-0.00149078606204826,-0.00211573652455745,-0.0304184481144903,0
25,alap,0.00304456805636939,0.00720561541542355,0.0347683539488625,0.0359865821169605,0.0335501257807644,-0.000440724796775594,-0.000377543049481731,-0.00953811104414744,-0.00149467225920322,-0.00208595128065017,-0.0289237758552871,0
26,alap,0.00304500110704164,0.00674407304489425,0.0331904849992757,0.0341916457003895,0.032189324298162,-0.000414312044986408,-0.000367420506528475,-0.00893275345574482,-0.00149297036122761,-0.00205717591631096,-0.0274308054940595,0
27,alap,0.00306193873187148,0.00631360130242069,0.0317009896940447,0.032491448376397,0.0309105310116924,-0.000389862562890811,-0.000357570845697959,-0.00833536875778723,-0.00148615055130686,-0.00202934158966373,-0.0259446549427526,0
28,alap,0.00309533357951166,0.00591255915442212,0.0303122222570739,0.0309006628955596,0.0297237816185881,-0.000367399259067497,-0.00034806460728238,-0.00774925224243217,-0.00147475001851162,-0.00200238164975721,-0.024469904924241,0
29,alap,0.00314462151354445,0.00553872278692439,0.0290321422040185,0.0294290938087759,0.028635190599261,-0.000346921985440221,-0.000338960744694319,-0.00717700583849309,-0.00145934320916346,-0.0019762328479057,-0.0230105617150775,0
30,alap,0.0032088674173038,0.00518950822050428,0.0278649758589916,0.0280823799769536,0.0276475717410296,-0.000328407626538335,-0.000330306400376311,-0.00662057876856577,-0.00144051740777854,-0.00195083609297333,-0.021570044307299,0
31,alap,0.00328688217710641,0.00486214418715458,0.0268118367692082,0.0268626559082605,0.0267610176301558,-0.000311811376683864,-0.00032213714555879,-0.00608132590428563,-0.00141885319377629,-0.00192613687509381,-0.0201511911135227,0
32,alap,0.00337731645375721,0.00455380523210965,0.0258712982050894,0.0257691646380798,0.0259734317720991,-0.000297068839897094,-0.000314477564550323,-0.0055600759929425,-0.00139490926549997,-0.00190208544809471,-0.0187562818480227,0
33,alap,0.00347873546657749,0.00426171261122501,0.0250399135031943,0.0247988174542108,0.0252810095521779,-0.000284098656046122,-0.000307342083377649,-0.00505720398585168,-0.00136921110482908,-0.00187863683686297,-0.0173870707431936,0
34,alap,0.00358967805766374,0.00398320891756602,0.0243126821491238,0.0239466979476572,0.0246786663505904,-0.000272805416243931,-0.000300735959654339,-0.00457270333821958,-0.00134224296151456,-0.00185575071887998,-0.0160448277816791,0
35,alap,0.00370870263635271,0.00371581121912319,0.0236834612462889,0.0232065096696725,0.0241604128229053,-0.00026308268160733,-0.000294656365669665,-0.00410625542599441,-0.00131444265817049,-0.00183339121697899,-0.0147303851235086,0
36,alap,0.00383442212900077,0.00345724665037746,0.023145323413831,0.0225709681327442,0.0237196786949178,-0.000254815963072391,-0.000289093509980712,-0.00365729420059915,-0.00128619874896102,-0.00181152663152942,-0.0134441863745475,0
37,alap,0.00396552971224079,0.00320547376408473,0.0226908632424761,0.0220321390419539,0.0233495874429984,-0.000247885556790248,-0.000284031754388062,-0.00322506493736106,-0.00125784960340721,-0.0017901291337077,-0.0121863367711403,0
38,alap,0.0041008168454209,0.00295869244687513,0.0223124552491527,0.0215817255187299,0.0230431849795755,-0.000242169160430478,-0.000279450693205057,-0.00280867647948972,-0.00122968402849288,-0.00176917443657493,-0.0109566527426475,0
39,alap,0.0042391849112794,0.00271534478967293,0.0220024668466679,0.0212113077157403,0.0227936259775955,-0.000237544221171531,-0.000275326170318264,-0.00240714677892179,-0.00120194308524682,-0.00174864145687849,-0.00975470965740065,0
40,alap,0.00437965160443326,0.0024741089545646,0.0217534302184147,0.0209125386525224,0.0225943217843071,-0.00023388998688717,-0.00027163121680702,-0.00201944182191947,-0.00117482279866817,-0.00172851197750965,-0.00857988685873248,0
41,alap,0.00452135306305604,0.00223388777693973,0.0215581771923604,0.0206773003575637,0.0224390540271572,-0.000231089248628798,-0.000268336897965852,-0.00164450822732978,-0.00114847750112442,-0.00170877031816618,-0.00743140935760805,0
42,alap,0.00466354261276133,0.0019937935752879,0.0214099412731788,0.0204978245129138,0.0223220580334439,-0.000229029775497184,-0.000265413063575583,-0.00128129993931965,-0.00112302358839858,-0.00168940301984275,-0.00630838576920947,0
43,alap,0.00480558687866407,0.00175313040466289,0.021302430943293,0.0203667817886085,0.0222380800979775,-0.000227605452892613,-0.000262828999314201,-0.000928799519996127,-0.00109854350386223,-0.00167039854720007,-0.00520984226534725,0
44,alap,0.00494695991918698,0.00151137477956871,0.0212298782069024,0.0202773439502783,0.0221824124635266,-0.000226717142387509,-0.000260553980399509,-0.000586034592825881,-0.00107508979947383,-0.001651747011577,-0.00413475246587342,0
45,alap,0.00508723594187949,0.0012681557052717,0.0211870661470804,0.0202232226457715,0.0221509096483892,-0.000226273286496202,-0.000258557731019217,-0.000252090004669601,-0.00105268915227298,-0.0016334399163557,-0.00308206331360045,0
46,alap,0.00522608107646527,0.00102323469142507,0.0211693390133014,0.0201986885443557,0.0221399894822471,-0.000226190284798644,-0.000256810794931084,7.38837300573794e-05,-0.00103134624171099,-0.00161546992553149,-0.00205071707188946,0
47,alap,0.00536324460304935,0.000776486276905783,0.021172598071238,0.0201985742314884,0.0221466219109876,-0.000226392669544487,-0.000255284823899701,0.000392665159305621,-0.00101104741656928,-0.00159783065564637,-0.00103966965532019,0
48,alap,0.0054985499635958,0.000527879468565227,0.0211932861418324,0.0202182639673198,0.022168308316345,-0.000226813109318995,-0.000253952791463601,0.000704959284179643,-0.000991764100485788,-0.00158051649069441,-4.79055548343946e-05,0
49,alap,0.0056318858222019,0.000277460387893867,0.0212283634437073,0.0202536731097986,0.022203053777616,-0.000227392268854139,-0.000252789139975169,0.00101139713523602,-0.000973455902403123,-0.00156352241917871,0.000925550347568728,0
50,alap,0.00576319738411101,2.53363270970551e-05,0.0212752770410615,0.0203012196932766,0.0222493343888464,-0.000228078551843656,-0.000251769868996783,0.00131253710124823,-0.00095607341277597,-0.00154684389217574,0.0018816237603447,0
51,alap,0.00589247813455964,-0.000228338661540581,0.0213319258955467,0.0203577903486899,0.0223060614424035,-0.000228827751864422,-0.000250872573032753,0.00160886762196132,-0.000939560678358509,-0.00153047670102932,0.0028211844387032,0
52,alap,0.0060197621161314,-0.000483376583197092,0.0213966232308351,0.0204207024579472,0.022372544003723,-0.000229602634382686,-0.000250076436283172,0.00190081090146775,-0.000923857358077136,-0.00151441687313794,0.00374504179678034,0
53,alap,0.00614511682693009,-0.000739566717017498,0.0214680576467841,0.0204876641577494,0.0224484511358189,-0.000230372470469983,-0.000249362191670776,0.00218872734317851,-0.000908900570127541,-0.00149866058420574,0.00465394236690788,0
54,alap,0.00626863679118227,-0.000996685264610369,0.0215452541691459,0.0205567335500875,0.0225337747882043,-0.000231112540382232,-0.000248712050856663,0.00247292044996664,-0.000894626446262896,-0.00148320408528534,0.00554856881317078,0
55,alap,0.00639043782839864,-0.00125450349494188,0.0216275361924352,0.0206262782403679,0.0226287941445024,-0.000231803622657171,-0.000248109611360005,0.00275364197321995,-0.00088097141349947,-0.00146804364294241,0.00642954022667025,0
56,alap,0.0065106520265048,-0.00151279447305004,0.0217144890687372,0.0206949361107855,0.022734042026689,-0.000232431481930585,-0.000247539746259705,0.00303109713177934,-0.000867873226383427,-0.00145317549090643,0.00729741345305367,0
57,alap,0.00662942340792521,-0.00177133847583629,0.0218059259140323,0.0207615780466976,0.022850273781367,-0.000232986366314473,-0.000246988481306012,0.00330544975576282,-0.000855271774749468,-0.00143859579163264,0.00815268522780314,0
58,alap,0.00674690426499849,-0.0020299272079446,0.0219018560455631,0.0208252731671785,0.0229784389239478,-0.000233462522959094,-0.00024644286362626,0.00357682724093896,-0.000843109692753171,-0.00142430060627938,0.00899579492055631,0
59,alap,0.00686325213185568,-0.00228836693542674,0.0220024563279282,0.0208852569669586,0.0231196556888978,-0.000233857738362113,-0.000245890825585804,0.00384532522659274,-0.000831332795051319,-0.0014102858716961,0.00982712771560763,0
60,alap,0.00697862735355717,-0.00254648065544806,0.0221080455906313,0.0209409026544697,0.0232751885267929,-0.000234172908107337,-0.000245321046773878,0.00411101193379009,-0.00081989036549646,-0.00139654738311581,0.0106470180811041,0
61,alap,0.00709319120943299,-0.00280410941755161,0.0222190621841844,0.0209916958683021,0.0234464285000667,-0.000234411639019732,-0.000244722816532185,0.00437393212174067,-0.000808735322743104,-0.00138308078134659,0.0114557534038472,0
62,alap,0.00720710454580177,-0.00306111290672468,0.0223360446637847,0.0210372128703904,0.023634876457179,-0.000234579885212443,-0.00024408589893672,0.00463411063777879,-0.000797824285854377,-0.00136988154335583,0.0122535776897016,0
63,alap,0.00732052687318168,-0.00331736939136745,0.022459615527195,0.0210771022468707,0.0238421288075193,-0.000234685618169607,-0.000243400401683251,0.00489155555156866,-0.000787117561453102,-0.00135694497523571,0.0130406952511547,0
64,alap,0.00743361588440335,-0.00357277513083591,0.0225904678848222,0.0211110700949084,0.024069865674736,-0.000234738529846065,-0.000242656649915121,0.00514626087675759,-0.000776579072266375,-0.00134426620662598,0.0138172743234211,0
65,alap,0.00754652735237021,-0.00382724332803342,0.0227293549031665,0.0211388686339272,0.0243198411724057,-0.000234749766758711,-0.000241845065667978,0.00539820889372682,-0.000766176245138188,-0.00133184018574828,0.0145834505685592,0
66,alap,0.00765941536929232,-0.00408070270299768,0.0228770818358882,0.0211602881506402,0.0245938755211363,-0.000234731692179271,-0.000240956053287999,0.00564737209561226,-0.000755879874785782,-0.00131966167427471,0.015339330443345,0
67,alap,0.00777243289277435,-0.00433309575395739,0.0230345004378339,0.0211751521671445,0.0248938487085232,-0.000234697672798893,-0.00023997989090577,0.00589371478666697,-0.000745663977793965,-0.00130772524130925,0.016084994421139,0
68,alap,0.00788573256791717,-0.00458437676324078,0.0232025055446697,0.0211833157082122,0.0252216953811273,-0.0002346618856048,-0.000238906627814062,0.00613719436759071,-0.000735505649606239,-0.00129602525580591,0.0168205000707452,0
69,alap,0.00799946779836325,-0.00483450959699106,0.0233820335925636,0.0211846665359446,0.0255794006491826,-0.000234639140172623,-0.000237725987401104,0.00637776234691857,-0.000725384935599887,-0.00128455587678036,0.0175458850063451,0
70,alap,0.00811379404275733,-0.00508346534012406,0.0235740628469666,0.0211791292153661,0.0259689964785671,-0.000234644711120025,-0.00023642727512813,0.00661536512118536,-0.000715284725730608,-0.00127331104069368,0.0182611697320757,0
71,alap,0.00822887031619441,-0.00533121980156538,0.0237796151054143,0.0211666718715979,0.0263925583392306,-0.000234694175074606,-0.000234999290907776,0.00684994456958366,-0.000705190680698423,-0.00126228444539901,0.0189663604127741,0
72,alap,0.00834486087867689,-0.00557775091971715,0.0239997586348817,0.0211473154962953,0.0268522017734682,-0.000234803246170465,-0.000233430245135337,0.00708143851140976,-0.000695091196108654,-0.00125146953004516,0.0196614516088828,0
73,alap,0.00846193709419046,-0.00582303609449965,0.0242356120981651,0.0211211456564324,0.0273500785398977,-0.000234987603794348,-0.000231707677545564,0.00730978107690742,-0.000684977409660888,-0.00124085945032903,0.0203464290185437,0
74,alap,0.00858027944451568,-0.00606704947035051,0.0244883492146498,0.0210883264507024,0.0278883719785973,-0.000235262706047899,-0.000229818378011712,0.00753490304431234,-0.000674843254968473,-0.00123044704848281,0.0210212722735122,0
75,alap,0.00870007968108686,-0.00630975919439428,0.0247592038873531,0.0210491165462139,0.0284692912284924,-0.000235643582174306,-0.000227748308369966,0.00775673219806969,-0.000664685564158879,-0.00122022481737696,0.021685957837671,0
76,alap,0.00882154309584306,-0.00655112467576612,0.0250494755090196,0.0210038871092976,0.0290950639087416,-0.000236144597016323,-0.000225482524341031,0.00797519376540459,-0.000654504219893084,-0.00121018485812057,0.0223404620575641,0
77,alap,0.00894489088781541,-0.0067910938759264,0.0253605341340797,0.0209531414175781,0.0297679268505814,-0.00023677918043294,-0.000223005096632621,0.00819021099069021,-0.000644302355827109,-0.00120031883055192,0.0229847644133912,0
78,alap,0.00907036259586047,-0.00702960066588091,0.0256938251692512,0.0208975359045389,0.0304901144339635,-0.000237559514513006,-0.000220299030343942,0.00840170590934992,-0.00063408660277407,-0.001190617896042,0.0236188510161653,0
79,alap,0.00919821855914984,-0.00726656229465728,0.0260508731923147,0.0208379023411364,0.0312638440434929,-0.000238496171399854,-0.000217346181859728,0.00860960038526419,-0.00062386737586074,-0.00118107265209038,0.024242718392026,0
80,alap,0.00932874235539533,-0.00750187702430937,0.026433284455004,0.0207752708001407,0.0320912981098673,-0.000239597694600726,-0.000214127172521921,0.00881381747768485,-0.000613659195756672,-0.00117167305828622,0.0248563775877827,0
1,optimista,-0.0122097542646294,-0.000120153333036294,0.00642607238785906,0.0066336631332666,0.00621848164245153,0.000206543691189301,7.04405979273718e-05,-0.0167136863056191,-0.00124844418980072,-0.000411463484518712,-0.0677488629217043,-0.068997307111505
2,optimista,-0.0113655254186429,0.00289401170656899,0.013033844472818,0.0134893836849794,0.0125783052606567,0.00026669969940769,8.72564760098942e-05,-0.0234610960437086,-0.00167657801468276,-0.0008656919703759,-0.0663118364763061,-0.000239551569284534
3,optimista,-0.00955792115978866,0.00565698545535349,0.0196259380352268,0.0203662773635562,0.0188855987068974,0.000311320956029729,9.86494907166535e-05,-0.0253660792762764,-0.00175977401776748,-0.00123877967000588,-0.0650798234937501,-0.00052776103521147
4,optimista,-0.00749947619341754,0.00803765595575755,0.0260331190467734,0.0270896516593363,0.0249765864342104,0.00033457191889302,0.000102487018830764,-0.0251647349618857,-0.00170913982642927,-0.00150601134200886,-0.0641099101338499,-0.000739226466529063
5,optimista,-0.00552247538722477,0.0100026592846411,0.0321232587694442,0.0335202765633461,0.0307262409755423,0.000339805454622784,9.97053465706197e-05,-0.0242313532118135,-0.00161799873576741,-0.0016793362726017,-0.0633399277800853,-0.000848016382002788
6,optimista,-0.00375562253080449,0.0115731192213201,0.0377986536852362,0.0395521808194867,0.0360451265509857,0.000332879771551755,9.21347195876547e-05,-0.0231950175381898,-0.00152675127150778,-0.0017811631142647,-0.0626783332760175,-0.000865156767440008
7,optimista,-0.00222611416252752,0.0127954606382185,0.0429894385780326,0.0451064688823172,0.040872408273748,0.000319476045378689,8.16107791678647e-05,-0.0222968401331504,-0.00145183050692015,-0.00183396088025669,-0.0620388864089199,-0.000812383639822599
8,optimista,-0.000916188199804628,0.0137236666574769,0.0476463831448508,0.0501243797960865,0.0451683864936152,0.000304179348856617,6.96570704502959e-05,-0.0215895379034076,-0.00139876148097638,-0.00185664943753702,-0.061351813885702,-0.000711688957758495
9,optimista,0.000207101764161038,0.0144094814299004,0.0517343578863055,0.0545608736268041,0.048907842145807,0.000290309962487628,5.74139355070428e-05,-0.0210444048105194,-0.00136812116900315,-0.0018638169649669,-0.0605653528856428,-0.000581660168943893
10,optimista,0.00117730005117352,0.014897675221636,0.055226863859406,0.0583791643110583,0.0520745634077537,0.000280047758932962,4.56664595549517e-05,-0.0206056293930925,-0.0013582893202567,-0.00186603106279933,-0.0596437197654993,-0.000436656200113246
11,optimista,0.00202223431845431,0.015224326170064,0.0581016405783169,0.0615462427534411,0.0546570384031926,0.000274646383150922,3.49053531479663e-05,-0.0202157028172854,-0.00136672603519031,-0.00187049657219435,-0.0585640807289167,-0.000287086998607706
12,optimista,0.00276197366196457,0.0154167776518232,0.0603372201111554,0.0640292854431145,0.0566451547791963,0.000274650633540335,2.53920817214364e-05,-0.0198256198543644,-0.00139056063676225,-0.00188175025666464,-0.0573135683965939,-0.000140048304439491
13,optimista,0.00340882312269702,0.0154944403850942,0.0619102547792766,0.0657927984608882,0.058027711097665,-6.05411017216628e-05,-0.000145283191089001,-0.0193975420847064,-0.00142685282842524,-0.00220405980776441,-0.0558867155681687,0
14,optimista,0.00391683989859994,0.0154098074250415,0.0627934507852156,0.0667963466949521,0.0587905548754792,-0.000399497823707907,-0.000318534734357758,-0.0189384555689784,-0.0014726962421823,-0.00246500623319243,-0.0544140193259864,0
15,optimista,0.00428260794840462,0.0151535174651546,0.0629984367280416,0.067044418900469,0.0589524545556142,-0.00074103091349292,-0.000493533590184407,-0.0184450495386365,-0.00152495588195865,-0.00272604408574026,-0.0528890634440277,0
16,optimista,0.00451190653406353,0.0147267558689543,0.0625712500532676,0.0665822784684322,0.058560221638103,-0.00108785908081615,-0.00067075831779627,-0.0179121106434381,-0.00158050080545273,-0.00298775191662467,-0.051308562638575,0
17,optimista,0.00461778232663012,0.0141380283633092,0.0615929043022918,0.0654968967730817,0.057688911831502,-0.00102407190111373,-0.000657008097444319,-0.0173361746329459,-0.00163638321221102,-0.00293809405111909,-0.049672179426364,0
18,optimista,0.00464186864057498,0.0134536467831581,0.0601806222448529,0.0639186593313532,0.0564425851583526,-0.000963924313562767,-0.000642936534698712,-0.0167167664582295,-0.00168998429913756,-0.00288985437848221,-0.0479821951272264,0
19,optimista,0.00461489147238876,0.0127204164167983,0.0584398030951664,0.061964814911899,0.0549147912784337,-0.00090698152062404,-0.000628529970720434,-0.0160563743256655,-0.00173917833771639,-0.00284318821746908,-0.04624301678951,0
20,optimista,0.00455949353357125,0.0119710944372322,0.0564637620116287,0.0597393018082067,0.0531882222150507,-0.000852991188362101,-0.000613829916933104,-0.015359853413942,-0.00178237119554907,-0.0027981614706954,-0.044460645593961,0
21,optimista,0.00449225239017797,0.0112282875806503,0.0543338257513894,0.0573329182683615,0.0513347332344174,-0.000801828775698833,-0.000598915816834031,-0.0146336558381482,-0.00181847320075442,-0.00275477908441643,-0.0426421723932065,0
22,optimista,0.00442515197086199,0.010507200460782,0.0521197086259365,0.0548237657213624,0.0494156515305106,-0.000753453636395956,-0.000583890886641017,-0.0138850920208867,-0.00184684211788767,-0.00271300545063895,-0.0407953302753189,0
23,optimista,0.00436667118374616,0.00981759419376752,0.049880101243342,0.0522779005022387,0.0474823019844452,-0.000707874762141616,-0.00056887080285811,-0.0131217137531103,-0.00186721509437262,-0.00267277893822769,-0.0389281151809463,0
24,optimista,0.0043226004508212,0.00916520689871871,0.0476634132514008,0.0497501374729823,0.0455766890298192,-0.000665124787264266,-0.000553974897374246,-0.0123508451525224,-0.00187963925664276,-0.00263402219892534,-0.0370484759243035,0
25,optimista,0.00429666283331114,0.0085528037034706,0.0455086197864258,0.0472849566131113,0.0437322829597403,-0.000625240896857796,-0.00053931950381332,-0.011579255200641,-0.00188440587915548,-0.00259664944584326,-0.035164070045148,0
26,optimista,0.00429099318604739,0.00798096701992845,0.0434461693061897,0.0449174710034907,0.0419748676088888,-0.000588251397325902,-0.000525013116537101,-0.0108129514230579,-0.00188199055122949,-0.00256057156273655,-0.0332820794939185,0
27,optimista,0.00430651271259667,0.00744870061458678,0.041498917816011,0.0426744214930673,0.0403234141389547,-0.000554166854513338,-0.00051115305404841,-0.0100570702078589,-0.00187300040684383,-0.00252569965502584,-0.0314090790870747,0
28,optimista,0.00434322515700602,0.00695389682359948,0.0396830611317046,0.0405751696398596,0.0387909526235496,-0.000522974852559949,-0.000497823352446209,-0.00931584020609279,-0.00185812871344434,-0.00249194747664741,-0.0295509503736304,0
29,optimista,0.00440045316607746,0.00649370058085274,0.0380090427488876,0.0386326662168785,0.0373854192808967,-0.000494637565623871,-0.000485093648211509,-0.00859259836201142,-0.00183811666864448,-0.00245923304175131,-0.0277128337049859,0
30,optimista,0.00447702804724439,0.0060647937314453,0.036482420114867,0.0368543776590053,0.0361104625707288,-0.000469091460867436,-0.000473018841380661,-0.00788984184641492,-0.00181372199230269,-0.00242747964240116,-0.0258991117126832,0
31,optimista,0.00457144249882312,0.00566361643718911,0.0351046766517527,0.0352431573044746,0.0349661959990308,-0.000446248563741422,-0.000461639359500679,-0.00720930276008546,-0.00178569375331332,-0.00239661643184042,-0.0241134179593698,0
32,optimista,0.00468197338574032,0.00528653808233115,0.0338739707921938,0.0337980521735501,0.0339498894108374,-0.000425998816021583,-0.00045098186949366,-0.0065520356169955,-0.00175475279458151,-0.00236657868966882,-0.0223586651647883,0
33,optimista,0.0048067799130662,0.00492998714292595,0.0327858166037993,0.0325150393557054,0.0330565938518933,-0.000408213144091639,-0.000441060308697319,-0.00591851021834836,-0.0017215770914007,-0.00233730785479368,-0.0206370880733876,0
34,optimista,0.00494398135997642,0.00459054746925815,0.0318336933410017,0.0313876888804346,0.0322796978015687,-0.00039274693061821,-0.000431877127983399,-0.00530870460853011,-0.00168679138207362,-0.0023087513903467,-0.018950296691314,0
35,optimista,0.00509171770427708,0.00426502701260361,0.0310095835227816,0.0304077522657528,0.0316114147798103,-0.000379443648027679,-0.000423424659103112,-0.00472219442831787,-0.00165096043455264,-0.00228086252915551,-0.0172993362567614,0
36,optimista,0.00524819587350397,0.00395050399202977,0.0303044409414792,0.0295656778155341,0.0310432040674243,-0.000368138468041098,-0.000415686535400223,-0.00415823622698144,-0.0016145853517641,-0.0022535999369557,-0.0156847509049973,0
37,optimista,0.00541172392246396,0.00364435470866804,0.029708591412066,0.0288510552165983,0.0305661276075338,-0.000358661708871249,-0.000408639109906506,-0.00361584323741399,-0.00157810236584628,-0.00222692732203986,-0.014106648539151,0
38,optimista,0.00558073510520687,0.0033442665889115,0.0292120701219253,0.0282529931136691,0.0301711471301816,-0.000350842021406487,-0.000402252827734677,-0.00309385282142988,-0.0015418836239266,-0.0022008130135961,-0.0125647649152244,0
39,optimista,0.00575380354639705,0.00304823952128537,0.0288049001856838,0.0277604341589646,0.029849366212403,-0.00034450924862081,-0.000396493520757683,-0.00259098530880057,-0.00150623952246077,-0.00217522952599708,-0.0110585253927636,0
40,optimista,0.00592965299993165,0.0027545781115753,0.0284773174927352,0.0273624125856298,0.0295922223998406,-0.000339496919333106,-0.000391323601959915,-0.00210589432576015,-0.00147142220147783,-0.00215015312236319,-0.00958710319128578,0
41,optimista,0.00610715999681225,0.00246187709716737,0.0282199471985637,0.0270482596805866,0.0293916347165408,-0.000335644359017794,-0.000386703144715658,-0.00163720896982471,-0.00143762986280877,-0.00212556338756716,-0.008149473328477,0
42,optimista,0.00628535252062468,0.00216900182230413,0.028023937293235,0.0268077626700804,0.0292401119163897,-0.00033279841732333,-0.000382590838742388,-0.00118356836371083,-0.00140501162644895,-0.00210144281828658,-0.00674446170202805,0
43,optimista,0.00646340520201249,0.00187506537371445,0.0278810546163484,0.02663128251458,0.0291308267181167,-0.00033081482491503,-0.000378944819737606,-0.000743649231993604,-0.00137367268588219,-0.00207777643561673,-0.00537078901614588,0
44,optimista,0.00664063189001305,0.00157940370625723,0.0277837485085726,0.0265098359698823,0.0290576610472629,-0.000329559201805551,-0.000375723373880022,-0.000316187205525537,-0.00134367956601127,-0.00205455142403713,-0.00402710945013461,0
45,optimista,0.0068164763362335,0.00128154984785363,0.0277251870232563,0.0264351470360905,0.0290152270104221,-0.000328907746001461,-0.000372885521594753,0.00010000741729135,-0.00131506532603959,-0.00203175679911607,-0.00271204412409501,0
46,optimista,0.00699050161656741,0.000981208059931814,0.0276992702915811,0.0263996726100917,0.0289988679730705,-0.000328747635558988,-0.000370391487376447,0.000506038726997053,-0.00128783458414184,-0.00200938310518755,-0.00142420953995318,0
47,optimista,0.00716237881393515,0.0006782286421416,0.0277006252620391,0.0263966068015484,0.0290046437225298,-0.000328977179438377,-0.000368203064153777,0.000902918375943793,-0.00126196827108297,-0.0019874221433064,-0.000162241268870211,0
48,optimista,0.00733187539402257,0.000372583906631654,0.0277245856371858,0.026419867985473,0.0290293032888985,-0.000329505753258232,-0.000366283881774539,0.00129156220453439,-0.00123742804622965,-0.0019658667290481,0.00107518677735943,0
49,optimista,0.00749884362391922,6.43457061604152e-05,0.0277671604222191,0.0264640722615046,0.0290702485829336,-0.000330253555516621,-0.000364599589793756,0.00167278970589708,-0.00121416033185014,-0.00194471047914343,0.00228934710920957,0
50,optimista,0.00766320931063174,-0.00024633521986166,0.0278249940928554,0.0265244965837235,0.0291254916019873,-0.000331151218358148,-0.000363117964948967,0.00204732576816217,-0.0011920999404752,-0.00192394762550173,0.00348144704968477,0
51,optimista,0.00782496107233323,-0.000559247918271621,0.0278953209936491,0.0265970344254574,0.0291936075618409,-0.000332139304778191,-0.000361808953588823,0.00241580419072563,-0.00117117328568232,-0.00190357285485997,0.00465262033536709,0
52,optimista,0.00798414029950157,-0.000874137834320238,0.027975916199623,0.0266781464590798,0.0292736859401662,-0.000333167721480947,-0.000360644658954791,0.00277877252897553,-0.00115130117927827,-0.00188358117207953,0.00580392151464536,0
53,optimista,0.00814083191532864,-0.00119072135106509,0.0280650447192218,0.0267648083673946,0.0293652810710491,-0.000334195073625654,-0.000359599282663811,0.00313669787919231,-0.00113240122780639,-0.00186396778498276,0.00693632274245175,0
54,optimista,0.00829515600442141,-0.00150869829746196,0.0281614105889025,0.0268544575652109,0.0294683636125941,-0.000335187984552318,-0.00035864902905562,0.0034899732704207,-0.00111438984891154,-0.00184472800856148,0.00805071259136329,0
55,optimista,0.00844726034529247,-0.00182776250767068,0.0282641071114622,0.026944940300087,0.0295832739228373,-0.000336120400392467,-0.000357771980297761,0.00383892438211303,-0.00109718393366279,-0.00182585718638687,0.00914789652502608,0
56,optimista,0.00859731385485259,-0.00214761054426799,0.0283725692226314,0.0270344603216265,0.0297106781236363,-0.000336972896334889,-0.000356947949321631,0.00418381635461997,-0.00108070218475424,-0.00180735062709256,0.0102285987097803,0
57,optimista,0.00874550093145468,-0.00246794871888762,0.0284865287336979,0.0271215300597893,0.0298515274076065,-0.000337731998301342,-0.000356158316825439,0.00452486050375429,-0.00106486616285202,-0.00178920355387927,0.0112934648726323,0
58,optimista,0.00889201666638268,-0.00278849855671106,0.028605972991367,0.0272049250342079,0.0300070209485261,-0.000338389530944258,-0.00035538585774919,0.00486222079047496,-0.00104960107448235,-0.00177141106509093,0.0123430659471147,0
59,optimista,0.0090370628814234,-0.00310900085753214,0.0287311073184848,0.0272836420275785,0.0301785726093911,-0.000338942000242236,-0.000354614561822114,0.00519601993218543,-0.00103483633499252,-0.00175396810403079,0.0133779022821072,0
60,optimista,0.00918084494172025,-0.00342921850702156,0.028862321448939,0.0273568613953709,0.030367781502507,-0.00033939001656076,-0.00035382945201865,0.00552634507329569,-0.00102050593946804,-0.00173686943631391,0.0143984082215753,0
61,optimista,0.00932356928792563,-0.00374893818841832,0.0290001600449742,0.0274239137495364,0.0305764063404121,-0.000339737761874632,-0.000353016404045515,0.00585325295973811,-0.00100654867323818,-0.00172010963318427,0.0154049568948134,0
62,optimista,0.00946544162921839,-0.00406797113815309,0.0291452972830208,0.027484251143426,0.0308063434226155,-0.000339992502915532,-0.000352161969326094,0.00617677458530507,-0.000992908191905299,-0.00170368305935486,0.0163978650867187,0
63,optimista,0.00960666573854357,-0.00438615307973217,0.0292985154125077,0.027537422796437,0.0310596080285783,-0.000340164150306037,-0.000351253203353278,0.00649691929729673,-0.00097953299882661,-0.00168758386405402,0.0173773980855453,0
64,optimista,0.00974744279300942,-0.0047033434593432,0.029460687128515,0.0275830553274996,0.0313383189295304,-0.000340264862257946,-0.000350277500749212,0.0068136783653669,-0.000966376345772216,-0.00167180597407672,0.0183437744313176,0
65,optimista,0.00988797120532405,-0.00501942409475208,0.0296327615509806,0.0276208374138892,0.0316446856880719,-0.000340308690131597,-0.000349222437899515,0.00712702803099625,-0.000953396080173306,-0.00165634308774391,0.0192971705114909,0
66,optimista,0.0100284468960885,-0.00533429733671767,0.0298157535680385,0.0276505087534599,0.0319809983826172,-0.000340311262054957,-0.000348075623618522,0.00743693206606996,-0.00094055446003134,-0.00164118866876373,0.0202377249715222,0
67,optimista,0.0101690639613323,-0.00564788382985495,0.0300107362764925,0.0276718531817405,0.0323496193712446,-0.000340289499866258,-0.000346824557947557,0.00774334387795897,-0.000927817955238199,-0.00162633593906461,0.0211655429267604,0
68,optimista,0.010310015694557,-0.0059601199480517,0.0302188362360775,0.0276846957779608,0.0327529766941941,-0.000340261363850986,-0.000345456498886494,0.00804620820565472,-0.000915157051796835,-0.00161177786973159,0.0220806999785572,0
69,optimista,0.0104514959274483,-0.00627095496855369,0.0304412312438013,0.0276889037836061,0.0331935587039964,-0.000340245619072698,-0.000343958336605526,0.00834546245722366,-0.000902546073255422,-0.00159750716922301,0.0229832460518127,0
70,optimista,0.0105937006580304,-0.0065803480389939,0.0306791503281406,0.0276843911512215,0.0336739095050597,-0.000340261616528232,-0.000342316474474731,0.00864103774344629,-0.000889963031585225,-0.00158351626807664,0.0238732090833979,0
71,optimista,0.0107368299391163,-0.00688826498322345,0.0309338756581686,0.0276711265376875,0.0341966247786497,-0.000340329081874214,-0.000340516716079534,0.0089328596662708,-0.000877389517740913,-0.00156979729933319,0.0247505986011388,0
72,optimista,0.0108810900031688,-0.00719467498504964,0.0312067460578868,0.0276491445529151,0.0347643475628585,-0.000340467904058488,-0.000338544157256596,0.00922084892389888,-0.000864810640228163,-0.00155634207391268,0.025615409241367,0
73,optimista,0.0110266956018703,-0.00749954718411501,0.0314991618092841,0.0276185600697849,0.0353797635487833,-0.000340697915835488,-0.000336383082083795,0.00950492179714819,-0.0008522150181436,-0.00154314205017953,0.0264676242595106,0
74,optimista,0.011173872539534,-0.00780284721536141,0.0318125904172073,0.0275795853921689,0.0360455954422457,-0.000341038657840544,-0.000334016861687311,0.00978499058437998,-0.00083959483331369,-0.00153018829692717,0.0273072190928242,0
75,optimista,0.0113228603786705,-0.00810453372300393,0.0321485729933191,0.0275325500630518,0.0367645959235864,-0.000341509117640415,-0.000331427854686981,0.0100609640548737,-0.000826945944301633,-0.00151747144900934,0.0281341650371259,0
76,optimista,0.0114739152932546,-0.00840455488187254,0.032508730893632,0.0274779230721879,0.0375395387150761,-0.000342127434966485,-0.000328597308087694,0.0103327479931566,-0.00081426806312676,-0.00150498165484727,0.0289484331002526,0
77,optimista,0.0116273130401679,-0.0087028449635414,0.0328947722127832,0.0274163371904943,0.0383732072350722,-0.000342910564178431,-0.000325505257440776,0.0106002459094853,-0.000801564993495819,-0.0014927085150576,0.0297499980937485,0
78,optimista,0.0117833520115539,-0.00899932099202989,0.0333084976968431,0.0273486151146053,0.0392683802790808,-0.000343873884910767,-0.000322130425147582,0.0108633599943914,-0.000788844927120843,-0.00148064101148439,0.0305388430208693,0
79,optimista,0.0119423563200033,-0.00929387954419074,0.0337518055835737,0.0272757970478628,0.0402278141192846,-0.000345030751839522,-0.000318450115862355,0.0111219923978522,-0.000776120792231489,-0.00146876742598922,0.0313149638131008,0
80,optimista,0.0121046788541286,-0.00958639376335326,0.0342266948132617,0.0271991692716483,0.0412542203548752,-0.000346391974595212,-0.000314440108078824,0.0113760469160418,-0.000763410645615584,-0.00145707524847088,0.0320783744587164,0
1,pesszimista,-0.00756417569523784,0.000216117115851771,0.00335066626714513,0.00338973616720505,0.0033115963670852,0.000139158095708453,4.84972858936832e-05,-0.0103519669917892,-0.000758131075818784,-0.00024986559809943,-0.041964198584059,-0.0427223296598778
2,pesszimista,-0.00708887673636596,0.00225613118896644,0.00683960257444965,0.00694476393285433,0.00673444121604496,0.00017131095427361,5.76154382656185e-05,-0.014535071510456,-0.00101712329322818,-0.000525372232259102,-0.0410935046156348,-0.000146429324803971
3,pesszimista,-0.00604120995474922,0.00406221600453639,0.0103470453289523,0.0105430331704049,0.0101510574874997,0.000193464371975666,6.32870082786674e-05,-0.0157200712785892,-0.0010665832510759,-0.000751333843222023,-0.0403490668037942,-0.000322145439235365
4,pesszimista,-0.00485038328118045,0.00558124345435843,0.0137706036529688,0.0140788045406511,0.0134624027652865,0.000202176018988386,6.4251292105823e-05,-0.0155997528055004,-0.00103495228774036,-0.000912865664637714,-0.0397651404433792,-0.000451025927325327
5,pesszimista,-0.00371469148003232,0.00681153360617565,0.0170306670551783,0.0174682683378728,0.0165930657724838,0.000199555766204444,6.11032912008585e-05,-0.015024468574788,-0.000978857646740891,-0.00101730365285981,-0.0393037102192242,-0.000517427422585925
6,pesszimista,-0.00270925488147977,0.00777871373305064,0.020068766827847,0.0206482167288664,0.0194893169268275,0.000189203056753855,5.49710622519374e-05,-0.0143838076551384,-0.000922696143909894,-0.00107827119763228,-0.0389091258118338,-0.000528111736519403
7,pesszimista,-0.00184813824407529,0.00851976200842248,0.0228435976877273,0.0235723313803389,0.0221148639951158,0.000174583809488509,4.69776136954016e-05,-0.0138275686309844,-0.000876304624433385,-0.00110937773582355,-0.0385291064516168,-0.000496285264216439
8,pesszimista,-0.00111864122530995,0.00907350225609918,0.0253266948486755,0.0262070405007361,0.0244463491966149,0.000158480418354048,3.80504332874527e-05,-0.0133891262074731,-0.000842925375868166,-0.00112204864526572,-0.0381214438134103,-0.000435262737661634
9,pesszimista,-0.000499251485665686,0.0094755363558413,0.0274985407213636,0.0285277201262925,0.0264693613164347,0.000142896843291262,2.88805104759714e-05,-0.013051507573755,-0.000822836511140368,-0.00112507029922537,-0.0376548724142549,-0.000356265111985022
10,pesszimista,3.16443619700242e-05,0.00975597549650969,0.0293453341977069,0.030515487862044,0.0281751805333697,0.000129140223661136,1.9941078140915e-05,-0.0127809164982016,-0.000815023098193259,-0.00112479462543614,-0.0371077879953281,-0.000267938679266382
11,pesszimista,0.000492063693790171,0.00993881072207428,0.0308564257349209,0.0321546105539382,0.0295582409159036,0.000117955543237831,1.1525892561846e-05,-0.0125423988253223,-0.000817949303134073,-0.00112554925923313,-0.0364663786399367,-0.000176539947742662
12,pesszimista,0.000895305511792248,0.0100421658420872,0.0320223341032314,0.0334304584477985,0.0306142097586642,0.000109661041922264,3.78970493797402e-06,-0.0123061222798329,-0.000829910709954609,-0.00113006578797396,-0.0357227994045609,-8.63314745788661e-05
13,pesszimista,0.00125004323541906,0.0100789675349292,0.0328332372765746,0.0343279119915534,0.0313385625615958,-1.76103951870223e-05,-5.94659137697804e-05,-0.0120490091107405,-0.000849187146391394,-0.00133330261624661,-0.0348736122581695,0
14,pesszimista,0.00152864947127016,0.010019411061064,0.0332778339254086,0.0348301282976405,0.0317255395531767,-0.000150635530322252,-0.000125187913468231,-0.0117755959979101,-0.000874099637849769,-0.00149060680522238,-0.0339995126203198,0
15,pesszimista,0.00172972834793792,0.00985853422660071,0.0333651561616757,0.0349429115330598,0.0317874007902916,-0.000287490141340231,-0.000192583840976459,-0.0114839917767649,-0.000902840301124957,-0.00164797171022279,-0.0330966723191948,0
16,pesszimista,0.00185664905722273,0.00959721130777147,0.0331211955831381,0.0346915941001324,0.0315507970661438,-0.00042920842236383,-0.000261835455216064,-0.0111710181348006,-0.000933609173336919,-0.00180572389038618,-0.0321630631458579,0
17,pesszimista,0.00191639364236849,0.00924029699801103,0.0325892086193377,0.0341215635516407,0.0310568536870347,-0.000408188405015489,-0.000258169985315503,-0.0108344475517038,-0.00096471628965276,-0.00177662371655836,-0.0311983468562051,0
18,pesszimista,0.00193233452793318,0.00882698702850536,0.0318303735688724,0.0332991860833043,0.0303615610544406,-0.000387598618422232,-0.000254039572007909,-0.0104737712761274,-0.000994663014858467,-0.00174832818241334,-0.0302036838413466,0
19,pesszimista,0.0019215287098853,0.00838480438207816,0.0308998447136583,0.0322843830372881,0.0295153063900286,-0.000367352447298935,-0.000249455787702732,-0.0100902018309646,-0.00102223470854821,-0.00172092138410907,-0.0291814491327984,0
20,pesszimista,0.0018964002000698,0.00793290975567761,0.0298465523023453,0.0311304431430285,0.028562661461662,-0.0003474529439955,-0.000244460197331087,-0.00968633261636091,-0.00104652121000999,-0.00169443732469673,-0.0281349279227885,0
21,pesszimista,0.00186593435675349,0.00748445862327235,0.0287132061609606,0.0298840352234072,0.027542377098514,-0.000327962396545424,-0.00023911451364473,-0.00926569310343012,-0.00106689987998981,-0.00166887632524094,-0.0270680280427986,0
22,pesszimista,0.00183654156715921,0.00704825697493038,0.0275364594959483,0.0285853801775787,0.026487538814318,-0.000308978224605529,-0.000233492584337882,-0.0088323218826747,-0.00108300193674835,-0.00164421665991383,-0.0259850261060503,0
23,pesszimista,0.00181269004477854,0.00662993531811858,0.026347194488126,0.0272685453695778,0.0254258436066742,-0.000290614466862914,-0.00022767404968318,-0.0083904108036265,-0.00109467293391805,-0.00162042274178143,-0.0248903531721322,0
24,pesszimista,0.00179737533324157,0.00623279466475438,0.0251708964317058,0.0259618291358897,0.0243799637275219,-0.000272988004327389,-0.000221739454536191,-0.00794403530567425,-0.00110193286745376,-0.00159745085018956,-0.0237884203046785,0
25,pesszimista,0.00179247327942731,0.00585842712737702,0.0240280881112982,0.0246882076208086,0.0233679686017878,-0.000256208696693405,-0.000215766595150147,-0.00749696688765436,-0.00110493863925097,-0.00157525311545708,-0.0226834816654275,0
26,pesszimista,0.00179900902803556,0.00550717906986055,0.0229348006923607,0.0234658203972871,0.0224037809874344,-0.000240372692646928,-0.000209827896519855,-0.00705255548843224,-0.00110395017122573,-0.00155378026988536,-0.0215795314942018,0
27,pesszimista,0.00181736475114596,0.0051785019902551,0.0219030615720775,0.0223084752597256,0.0214976478844295,-0.000225558271268297,-0.000203988637347514,-0.00661366730771605,-0.00109930069576991,-0.00153298352430162,-0.0204802307984319,0
28,pesszimista,0.00184744200201697,0.00487122148524524,0.0209413833824422,0.0212261561512585,0.0206566106136258,-0.000211823665575059,-0.000198305862118556,-0.00618266427877201,-0.00109137132357891,-0.001512815822867,-0.019388859474853,0
29,pesszimista,0.00188878986101111,0.00458374499299652,0.0200552416591485,0.0202255214006722,0.0198849619176247,-0.000199206405256583,-0.000192827841177135,-0.00576141331497521,-0.00108056974968246,-0.00149323265406007,-0.0183082897251705,0
30,pesszimista,0.00194070678736288,0.00431422270956375,0.0192475316031153,0.0193103822949009,0.0191846809113298,-0.000187723792209247,-0.000187593959371967,-0.00535131569071708,-0.0010673128232544,-0.00147419254354549,-0.0172409769019161,0
31,pesszimista,0.00200232185538937,0.00406067193712052,0.0185189968866628,0.0184821545120454,0.0185558392612802,-0.00017737418962632,-0.000182634931616906,-0.00495334904848625,-0.00105201263423928,-0.00145565731834719,-0.0161889642676768,0
32,pesszimista,0.00207265952177377,0.00382107238188861,0.0178686256179842,0.0177402771026083,0.01799697413336,-0.000168138863772619,-0.000177973259606991,-0.00456811636888995,-0.00103506573641844,-0.0014375922065206,-0.0151538985312584,0
33,pesszimista,0.00215069102008847,0.0035934380795245,0.0172940104025885,0.0170825955527151,0.0175054252524619,-0.000159984168000619,-0.000173623858057984,-0.00419589775335543,-0.00101684511825747,-0.00141996581893224,-0.0141370534130009,0
34,pesszimista,0.00223537475535074,0.00337587036587433,0.0167916709572451,0.0165057070148788,0.0170776348996115,-0.000152863901869666,-0.000169594791325285,-0.0038367020679095,-0.000997694540955521,-0.00140275004741326,-0.0131393588720454,0
35,pesszimista,0.00232568756842803,0.00316659542564321,0.0163573389697953,0.016005267073591,0.0167094108659996,-0.000146721715186996,-0.000165888072236225,-0.0034903164236714,-0.000977924881788345,-0.00138591990480247,-0.0121614339902571,0
36,pesszimista,0.00242064838449725,0.00296398930872559,0.0159862058861819,0.0155762584499532,0.0163961533224106,-0.000141493458103699,-0.000162500484561208,-0.00315635217421731,-0.00095781214615795,-0.00136945332610314,-0.0112036218440991,0
37,pesszimista,0.0025193355020173,0.00276659281950184,0.0156731350728854,0.0152132228673084,0.0161330472784624,-0.000137109404709261,-0.000159424398869624,-0.00283428663730857,-0.000937596840968148,-0.00135333094537554,-0.010266025003131,0
38,pesszimista,0.00262089858563463,0.00257311830483917,0.0154128403763794,0.0149104579237898,0.0159152228289689,-0.000133496299454483,-0.000156648558675445,-0.00252350013755,-0.000917484433059167,-0.00133753585955374,-0.0093485405700718,0
39,pesszimista,0.00272456627616144,0.00238245005806089,0.0152000335076512,0.014662181272515,0.0157378857427874,-0.000130579193722267,-0.000154158819878851,-0.00222330824904343,-0.000897646648032877,-0.00132205338775989,-0.00845089392203892,0
40,pesszimista,0.00282965020893456,0.00219363979755428,0.0150295429440935,0.014462664719414,0.0155964211687729,-0.000128283054441249,-0.000151938831654132,-0.00193298931807921,-0.00087822339585852,-0.00130687083265609,-0.00757267052618039,0
41,pesszimista,0.00293554612929953,0.00200589845671247,0.0148964071861565,0.0143063410345398,0.0154864733377731,-0.000126534138239817,-0.000149970651216053,-0.00165180748483526,-0.000859325139440088,-0.00129197724876519,-0.00671334538674031,0
42,pesszimista,0.00304173270489767,0.00181858532827206,0.0147959452531219,0.0141878863557463,0.0154040041504975,-0.000125261133671052,-0.000148235288408786,-0.00137903151492887,-0.000841035550348231,-0.0012773632213989,-0.00587230983639208,0
43,pesszimista,0.00314776855531535,0.00163119543561171,0.0147238072702369,0.014102281062636,0.0153453334778377,-0.000124396080870211,-0.000146713178890802,-0.00111394980799906,-0.000823414321842283,-0.00126302065878339,-0.0050488955145498,0
44,pesszimista,0.00325328794836062,0.00144334585288055,0.0146760079052316,0.0140448519306734,0.0153071638797898,-0.000123875082969483,-0.000145384586919002,-0.000855881980126623,-0.000806500032936396,-0.00124894259911685,-0.0042423954816134,0
45,pesszimista,0.00335799554752518,0.0012547615626901,0.0146489452709038,0.0140112982554517,0.0152865922863558,-0.000123638826990958,-0.000144229940443688,-0.000604187426630947,-0.000790312978506374,-0.00123512303359531,-0.00345208250310703,0
46,pesszimista,0.00346166053636283,0.00106526132291866,0.014639407735021,0.0139977044786187,0.0152811109914232,-0.000123632934038315,-0.000143230102485728,-0.000358271266882679,-0.000774857899280153,-0.00122155674587542,-0.00267722460382688,0
47,pesszimista,0.00356411039216325,0.000874743911670289,0.0146445708804362,0.0140005416614276,0.0152886000994448,-0.000123808159650612,-0.000142366583645631,-0.000117588057332932,-0.000760126562055598,-0.00120823916798632,-0.00191709804177128,0
48,pesszimista,0.00366522453316874,0.000683175030499122,0.0146619866464783,0.0140166599491657,0.0153073133437909,-0.000124120465379773,-0.000141621701152669,0.000118356363824517,-0.000746100154741938,-0.00119516625234071,-0.00117099788702935,0
49,pesszimista,0.00376492802048429,0.000490575069627627,0.0146895664651949,0.0140432739580918,0.0153358589722979,-0.000124530982191671,-0.000140978690156589,0.000350004564574593,-0.000732751472956112,-0.00118233435921397,-0.00043824641407323,0
50,pesszimista,0.00386318545758999,0.000297007874056076,0.0147255599892669,0.0140779428028289,0.015373177175705,-0.000125005885329181,-0.000140421773044605,0.000577748434333921,-0.000720046885076753,-0.00116974015884974,0.00028180047100352,0
51,pesszimista,0.00395999519678576,0.000102570595190745,0.0147685307974436,0.0141185462719215,0.0154185153229657,-0.000125516198950668,-0.000139936192476689,0.000801931053196644,-0.00070794807103471,-0.00115738054719865,0.000989748542038232,0
52,pesszimista,0.00405538393276094,-9.26153320736697e-05,0.0148173302620465,0.0141632584568137,0.0154714020672794,-0.000126037547284439,-0.00013950821361156,0.0010228492739596,-0.000696413536876009,-0.00114525257419633,0.00168616207891424,0
53,pesszimista,0.00414940173853124,-0.000288412082969638,0.0148710705743458,0.0142105199481033,0.0155316212005883,-0.000126549867314326,-0.000139125100677747,0.00124075680716436,-0.000685399912448697,-0.0011333533834287,0.00237156199136294,0
54,pesszimista,0.00424211757794283,-0.000484672231758512,0.0149290977493887,0.0142590095349633,0.0155991859638141,-0.000127037096212162,-0.000138775072657712,0.00145586762951223,-0.000674863043614257,-0.00112168016200918,0.00304642503497719,0
55,pesszimista,0.00433361531150451,-0.000681244482212828,0.0149909652734076,0.014307616180648,0.0156743143661671,-0.000127486844921889,-0.000138447242422255,0.00166835956432651,-0.00066475889333616,-0.00111023009949794,0.00371118392831336,0
56,pesszimista,0.00442399019815673,-0.00087797840183184,0.0150564089148424,0.0143554118999436,0.0157574059297412,-0.000127890067526296,-0.000138131543197785,0.00187837790893837,-0.000655044268012618,-0.00109900035472027,0.00436622819632597,0
57,pesszimista,0.00451334588439546,-0.00107472823278472,0.015125323094366,0.0144016260336051,0.015849020155127,-0.000128240734327619,-0.000137818645786592,0.00208603900777099,-0.000645677386646921,-0.00108798802938598,0.00501190558297289,0
58,pesszimista,0.00460179186361401,-0.0012713558591779,0.0151977390997586,0.0144456213001483,0.0159498568993689,-0.000128535514973944,-0.000137499869503336,0.0022914336914026,-0.000636618311023996,-0.00107719014746781,0.00564852389399689,0
59,pesszimista,0.00468944138228765,-0.00146773301332111,0.015273805337371,0.0144868719063381,0.016060738768404,-0.000128773476482004,-0.000137167089349502,0.00249463052099971,-0.000627829255110125,-0.00106660363936139,0.00627635314910701,0
60,pesszimista,0.0047764097653938,-0.00166374280387432,0.015353769732323,0.0145249439135678,0.0161825955510783,-0.000128955799653927,-0.000136812641529113,0.00269567879428414,-0.000619274791524886,-0.00105622532991768,0.0068956279406319,0
61,pesszimista,0.00486281313094007,-0.00185928064668466,0.0154379643233939,0.0145594779870671,0.0163164506597207,-0.000129085516164845,-0.000136429229018861,0.0028946112837429,-0.000610921972248036,-0.00104605192950888,0.00750654991287994,0
62,pesszimista,0.00494876746238485,-0.00205425467529603,0.0155267920445479,0.014590174597354,0.0164634094917419,-0.000129167267509368,-0.000136009828547353,0.00309144669025216,-0.00060274037980346,-0.00103608002735677,0.0081092902926834,0
63,pesszimista,0.00503438800781949,-0.00224858570300248,0.0156207156418816,0.0146167816973036,0.0166246495864597,-0.000129207086033191,-0.000135547600013229,0.00328619180584026,-0.000594702124079597,-0.00102630608641739,0.008703992416763,0
64,pesszimista,0.00511978897579699,-0.00244220680232838,0.0157202486411287,0.0146390848623163,0.0168014124199411,-0.000129212197434198,-0.000135035799081037,0.00347884338814794,-0.000586781798760538,-0.00101672643917521,0.00929077421552354,0
65,pesszimista,0.00520508349941608,-0.00263506256131451,0.0158259482553517,0.0146568998539644,0.016994996656739,-0.000129190843385838,-0.000134467693436448,0.00366938975645705,-0.000578956410103072,-0.00100733728375262,0.00986973062562661,0
66,pesszimista,0.00529038384249581,-0.00282710806927744,0.0159384101037373,0.0146700675478198,0.0172067526596547,-0.000129152122303598,-0.000133836482957483,0.00385781212515422,-0.000571205289540228,-0.000998134679785666,0.0104409359151668,0
67,pesszimista,0.00537580182421614,-0.00301830767805956,0.0160582645991746,0.0146784511525479,0.0174380780458013,-0.000129105845731541,-0.00013313522386399,0.00404408569537464,-0.000563510000349734,-0.000989114543553865,0.0110044459155166,0
68,pesszimista,0.00546144944127701,-0.00320863357842959,0.0161861748532614,0.014681935638463,0.0176904140680598,-0.000129062407358628,-0.000132356756741637,0.00422818052952636,-0.000555854247415645,-0.000980272641880206,0.0115603001629322,0
69,pesszimista,0.00554743966927787,-0.00339806422542816,0.0163228359413253,0.0146804292882824,0.0179652425943681,-0.000129032661272562,-0.000131493638196688,0.00441006223661315,-0.000548223797944352,-0.000971604584337683,0.0121085239608766,0
70,pesszimista,0.00563388742748398,-0.00358658264125395,0.0164689753657919,0.0146738672795099,0.0182640834520739,-0.000129027805711833,-0.000130538075781536,0.00458969249892409,-0.000540606419875993,-0.000963105813310693,0.0126491303807526,0
71,pesszimista,0.00572091069327219,-0.00377417461990704,0.0166253545526592,0.0146622172055076,0.0185884918998109,-0.000129059268275012,-0.000129481865736026,0.00476702947289618,-0.000532991843655935,-0.000954771591464803,0.0131821222244085,0
72,pesszimista,0.00580863175418465,-0.00396082685438438,0.0167927712118759,0.0146454864396748,0.0189400559840771,-0.000129138588282455,-0.000128316333014086,0.00494202809892031,-0.000525371751989146,-0.000946596986177608,0.0137074939763976,0
73,pesszimista,0.00589717858651028,-0.00414652500488401,0.0169720623870453,0.0146237312430792,0.0193203935310114,-0.000129277291753221,-0.000127032273007339,0.00511464035666631,-0.000517739801178178,-0.000938576850478506,0.0142252337775758,0
74,pesszimista,0.00598668634949705,-0.00433125172533931,0.0171641080120916,0.014597067509235,0.0197311485149481,-0.000129486754255268,-0.000125619894336119,0.00528481550424436,-0.000510091676623258,-0.000930705800038414,0.0147353254541991,0
75,pesszimista,0.00607729898350294,-0.00451498466578434,0.0173698347813864,0.0145656830293752,0.0201739865333975,-0.000129778046708211,-0.000124068762052958,0.00545250034126538,-0.000502425184016128,-0.000922978185744538,0.0152377506382152,0
76,pesszimista,0.0061691708984312,-0.00469769446965939,0.0175902201244064,0.0145298511464065,0.0206505891024062,-0.000130161759066177,-0.000122367740594376,0.00561763953765222,-0.00049474037665941,-0.000915388061393847,0.0157324910148746,0
77,pesszimista,0.00626246873546261,-0.00487934278831108,0.0178262960553754,0.014489945644661,0.0211626464660898,-0.000130647796687465,-0.000120504935824474,0.00578017607189478,-0.000487039718158401,-0.000907929146046208,0.016219530733033,0
78,pesszimista,0.00635737318016676,-0.00505988033973162,0.0180791526416585,0.0144464566944717,0.0217118485888453,-0.000131245144115259,-0.00011846763554031,0.00594005182430812,-0.000479328278427299,-0.000900594780599577,0.0166988590114603,0
79,pesszimista,0.00645408079829611,-0.00523924504512351,0.0183499408010548,0.0144000076344092,0.0222998739677004,-0.000131961590960202,-0.000116242247857109,0.00609720837267581,-0.000471613959489993,-0.000893377878191521,0.0171704729709503,0
80,pesszimista,0.00655280585666179,-0.00541736028526517,0.0186398740967453,0.0143513723286323,0.0229283758648584,-0.000132803414606256,-0.000113814236965027,0.00625158803932759,-0.000463907745897762,-0.000886270868101541,0.0176343807168481,0
