negyedev,szcenario,y,y_d,y_x,i_S,i_L,efp_S,efp_L,nw_S,nw_L,h_dx,xx,c,infl,r,rer
1,alap,0.0017348148967826,-0.00220896171755578,0.00441502294155168,0.00345278719196296,0.000738351819977204,-1.57682917729262e-06,1.33942052433447e-05,-0.000839187085112226,-0.00303526900120012,0.00482796978254605,0.00441502294155168,-0.00566567922383757,-0.000789664195573735,-0.000260258315241387,0.0175455532608691
2,alap,0.00136218556866036,-0.00388068238505531,0.00669224129602371,0.00692910261118474,0.00157227498969251,-4.47958711038179e-06,2.19262781843465e-06,-0.000799624511206099,-0.00285996523542494,0.0071147742030924,0.00669224129602371,-0.00991093983885544,-0.0011494464886051,-0.000576892301059653,0.0185562723851759
3,alap,0.00132642060485791,-0.0047855861250033,0.00791450652512812,0.0103203732639504,0.0024385251257575,-5.91287282186676e-06,-9.47668371457418e-06,-0.000766452258053574,-0.00271311343026279,0.00834577796101733,0.00791450652512812,-0.0126192033981576,-0.00130750914329531,-0.000869945212062806,0.0195313831829061
4,alap,0.00150055891874707,-0.00518843446729646,0.00862196964304048,0.0135248087707557,0.0032788541163034,-1.24610378797435e-05,-2.37078865862737e-05,-0.000737117211840131,-0.00259411303037802,0.00906458355740401,0.00862196964304048,-0.0143217893449822,-0.00136568356167946,-0.00111213166032167,0.020395467433388
5,alap,0.00178702076310662,-0.00529018818660241,0.00908044555393884,0.0164601595965852,0.00404805920139261,-2.59189105220924e-05,-4.10198605201859e-05,-0.000719202128825334,-0.00250607398953449,0.00953679874954418,0.00908044555393884,-0.0153907363155338,-0.00137101302003688,-0.00129819203566157,0.0211470757135323
6,alap,0.00211727428122764,-0.00523073022499413,0.00941918277519183,0.0190675664414034,0.00471619616175315,-4.61574323354889e-05,-6.12823744695324e-05,-0.000722638766377648,-0.00245286269492199,0.00989003408430087,0.00941918277519183,-0.0160729274972224,-0.00134623653714177,-0.00143161812328617,0.0218125298449957
7,alap,0.00244754425367835,-0.00510221678514135,0.00970097155243388,0.0213115377883113,0.00526829807521958,-7.23838310334585e-05,-8.41287356491323e-05,-0.000756666125208708,-0.0024379233333061,0.0101853637501355,0.00970097155243388,-0.0165272325307569,-0.00130302864986362,-0.00151891487727148,0.0224261957191937
8,alap,0.0027533462793204,-0.00496176919617472,0.00995723917725282,0.0231783620485355,0.00570311644529364,-0.000103685125561779,-0.000109138341259239,-0.000828856242119128,-0.00246388341954414,0.0104529040242541,0.00995723917725282,-0.0168528105108607,-0.00124785295005365,-0.00156716284473523,0.0230223163091431
9,alap,0.0030244314245509,-0.00484147646179311,0.0102051969190198,0.0246740299996744,0.00603158062173712,-0.000139249703561063,-0.00013591507889858,-0.000945014820867073,-0.00253249988333005,0.0107090205466629,0.0102051969190198,-0.0171089881826839,-0.00118461564054174,-0.0015830377322689,0.0236319140255251
10,alap,0.00326072481635621,-0.00475576765691099,0.0104559608565595,0.0258221787541131,0.00627529662239698,-0.000178442901738237,-0.000164117798541353,-0.00110942362923654,-0.0026447456403278,0.0109643692827073,0.0104559608565595,-0.0173288244041908,-0.00111591752530814,-0.00157247692816521,0.0242819106542706
11,alap,0.00346933358777207,-0.0047066484503431,0.0107182809742919,0.0266623015267035,0.00646523091748944,-0.000220816141901898,-0.000193468390128997,-0.00132518565841683,-0.00280094538924784,0.0112275390923862,0.0107182809742919,-0.0175282342510269,-0.0010436814262033,-0.00154063251046324,0.0249951980597261
12,alap,0.00366249482589988,-0.0046873154419766,0.0110002522507191,0.0272483360783755,0.00664063997239671,-0.000266086425420544,-0.000223749398931004,-0.00159456691118687,-0.00300091881543716,0.0115067216720624,0.0110002522507191,-0.0177120670192093,-0.000969492281848622,-0.00149194757620647,0.0257910889335137
13,alap,0.00385627884707871,-0.00468457863540434,0.011310197383512,0.027647677409496,0.00684826438457463,-0.0005453536598296,-0.000364171961401447,-0.00191928993226676,-0.00324411244328654,0.0118106133680735,0.011310197383512,-0.0178781244927758,-0.000894797380451223,0.000296848215556628,0.0266858863139649
14,alap,0.00414973172349671,-0.00452585246695412,0.0116081937013792,0.0279406248780998,0.00714178565089245,-0.00071288979075724,-0.000467746881190717,-0.00265226299859441,-0.00372193904328526,0.0120952895893474,0.0116081937013792,-0.0177469793438085,-0.000821032035577192,9.57052330296151e-05,0.0275069183495421
15,alap,0.00445985284774499,-0.00432376797908793,0.0118767152712824,0.0280238444524633,0.00745080130834527,-0.000894143761038498,-0.000575348940946824,-0.0036032423306157,-0.00435790723481368,0.012345248525452,0.0118767152712824,-0.0174781191435573,-0.000749545625770936,-9.23490000076813e-05,0.028256463975313
16,alap,0.00473826012333385,-0.00414653549883894,0.0121100974685443,0.0278478446833766,0.00773244956083582,-0.00108973055102618,-0.000687029692388771,-0.00478217873086343,-0.00515118763678704,0.0125567910879563,0.0121100974685443,-0.0171728571287367,-0.000681287555062213,-0.000271867531380602,0.0289377515303753
17,alap,0.00496114786257435,-0.00402918040197252,0.012308652676381,0.0274192905705243,0.00797176217378242,-0.00100668835097522,-0.000668520422437192,-0.00619946023188005,-0.00610108293932095,0.0127317914331938,0.012308652676381,-0.0168927325660185,-0.000616751075469576,-0.000198351087531877,0.0295545026058448
18,alap,0.00514085166083914,-0.00395661106268273,0.0124753295446794,0.0268038010586018,0.00818221629414765,-0.000932680009672476,-0.000651135772069061,-0.00741965351376838,-0.00697095343478827,0.0128741802396156,0.0124753295446794,-0.0166308722039534,-0.00055606092036126,-0.000125773134730949,0.0301105635262061
19,alap,0.0052880021397647,-0.00391551738997484,0.0126139077131764,0.0260582415357669,0.00837568506628959,-0.000866529393010544,-0.000634672751922543,-0.00846634445278212,-0.00776677688246023,0.0129884092201229,0.0126139077131764,-0.0163811396895882,-0.000499149623423235,-5.68213537640759e-05,0.0306097131496293
20,alap,0.0054113690817039,-0.00389478297538418,0.0127281011773929,0.0252308163779263,0.00856206157757206,-0.000807305607143002,-0.000618999312993218,-0.00936015190751904,-0.00849387539984109,0.013078628853613,0.0127281011773929,-0.0161386919026794,-0.000445861837463238,6.82763404706207e-06,0.0310555749870926
21,alap,0.00551792001928058,-0.00388550146624696,0.0128211791405043,0.024361464093163,0.00874912377569107,-0.000754260006179188,-0.00060403404485648,-0.0101192488350005,-0.00915707292243461,0.013148370239419,0.0128211791405043,-0.0159000497813613,-0.000396012153392548,6.42579975894714e-05,0.0314515871404851
22,alap,0.00561299941799602,-0.00388081124091876,0.0128958650360375,0.0234824612637674,0.00894257154251123,-0.000706776634089831,-0.000589729924396887,-0.0107597616026428,-0.00976080911014814,0.0132004966183663,0.0128958650360375,-0.0156629730818552,-0.000349415448348976,0.000115104422808705,0.0318010025888341
23,alap,0.00570056057485257,-0.00387564700527712,0.0129543716442276,0.0226191560859802,0.0091461789535394,-0.000664334814505818,-0.000576061864790432,-0.0112960740063272,-0.0103092189967683,0.0132372810458228,0.0129543716442276,-0.015426255377243,-0.000305901209212107,0.00015938358630766,0.0321069037980462
24,alap,0.00578340820251455,-0.00386646296328781,0.0129984913087809,0.0217907680406713,0.00936201668529858,-0.000626481900371143,-0.00056301753866199,-0.0117410592240597,-0.010806186774299,0.0132605288799741,0.0129984913087809,-0.0151894980435001,-0.000265318585594241,0.000197363797165435,0.0323722223836404
25,alap,0.00586342800956793,-0.00385095905863594,0.0130296977163925,0.0210112050033522,0.00959071032086835,-0.00059281410509743,-0.000550590879768709,-0.0121062587514208,-0.0112553807597825,0.0132717024962612,0.0130296977163925,-0.0149528946573472,-0.000227536248546948,0.000229467246934251,0.0325997586321874
26,alap,0.0059417914499132,-0.00382782766003431,0.0130492380036852,0.0202898620342005,0.00983170949075365,-0.000562963514344235,-0.000538777693280079,-0.0124020232535979,-0.0116602751929869,0.0132720285822289,0.0130492380036852,-0.0147170414922189,-0.000192439568036505,0.000256198906818857,0.0327921982002239
27,alap,0.006019131103643,-0.0037965291619758,0.0130582067345895,0.0196323769016005,0.0100835502969636,-0.000536589660043448,-0.000527572872336987,-0.0126376266327212,-0.0120241632292773,0.0132625812931261,0.0130582067345895,-0.0144827802956096,-0.00015992666487975,0.000278096481049937,0.0329521248651036
28,alap,0.00609568640659842,-0.0037570994452502,0.0130576002145465,0.0190413261246996,0.0103440994144417,-0.000513374343229697,-0.000516968800207828,-0.0128213615843512,-0.0123501643909457,0.0132443413469503,0.0130576002145465,-0.0142510739299699,-0.000129904281001814,0.0002956965363636,0.0330820291461055
29,alap,0.00617142175314736,-0.00370998884137449,0.0130483530257407,0.0185168521644976,0.0106107728397425,-0.000493018678592858,-0.000506954598484865,-0.0129606225068428,-0.0126412288377637,0.0132182343091438,0.0130483530257407,-0.0140229123794639,-0.000102284010905782,0.000309512742599734,0.0331843131570112
30,alap,0.00624612009086385,-0.00365593040296361,0.0130313600583997,0.0180572176050878,0.0108807256808929,-0.000475241583229146,-0.000497515955295038,-0.0130619797729618,-0.0129001401027126,0.0131851524289176,0.0130313600583997,-0.0137992451514612,-7.69791730042967e-05,0.000320022952513175,0.0332612923300155
31,alap,0.00631945549078498,-0.00359583437495692,0.0130074875899253,0.0176592860152904,0.011151011867743,-0.000459779139222067,-0.000488635330569745,-0.013131247990822,-0.013129517389008,0.0131459644008117,0.0130074875899253,-0.0135809356167828,-5.39024276436718e-05,0.000327662558711411,0.0333151947576592
32,alap,0.00639104812542317,-0.00353070543658715,0.0129775766769948,0.0173189319198436,0.0114187144011559,-0.000446384425507544,-0.000480292387493223,-0.0131735498828984,-0.013331818113034,0.0131015169087427,0.0129775766769948,-0.0133687329240519,-3.29641406137653e-05,0.000332822168700739,0.033348158898273
33,alap,0.00646050481614221,-0.00346157930632986,0.0129424415980802,0.0170313841649299,0.011681047917792,-0.000434827543280324,-0.000472464541011205,-0.013193376715525,-0.0135093410784016,0.0130526310945995,0.0129424415980802,-0.0131632575220451,-1.40714270721603e-05,0.000335848132919989,0.0333622303253451
34,alap,0.00652744794307729,-0.00338947551858253,0.0129028654954401,0.0167915081294579,0.0119354360632306,-0.000424895656543792,-0.000465127546970412,-0.0131946457455348,-0.0136642304553087,0.013000096358918,0.0129028654954401,-0.0129649968595943,2.87222277144134e-06,0.000337044853839331,0.0333593581025737
35,alap,0.00659153511610485,-0.00331536349374495,0.0128595948105536,0.0165940328736322,0.0121795665521979,-0.000416392941001023,-0.000458256080495069,-0.0131807548562046,-0.0137984805963438,0.012944663236689,0.0128595948105536,-0.0127743084022325,1.79668481468054e-05,0.000336678109978146,0.0333413912544269
36,alap,0.00665247162438359,-0.00324013937218733,0.0128133336279934,0.0164337295628477,0.0124114269405037,-0.000409140385614329,-0.000451824270980836,-0.013154634383716,-0.0139139416279967,0.0128870365337123,0.0128133336279934,-0.0125914276496008,3.13155644847034e-05,0.000334978861620305,0.0333100756899422
37,alap,0.00671001733487376,-0.00316461143136052,0.0127647386534328,0.0163055474648149,0.0126293241093345,-0.000402975426425365,-0.000445806174859525,-0.013118796050664,-0.0140123257028457,0.0128278694655398,0.0127647386534328,-0.0124164793274387,4.30238566888601e-05,0.000332147179035628,0.0332670518332533
38,alap,0.00676398940523689,-0.00308949223400151,0.0127144152497191,0.0162047135758668,0.0128318903232234,-0.000397751415476242,-0.00044017617714589,-0.0130753788962973,-0.014095213770019,0.0127677592042104,0.0127144152497191,-0.0122494903503925,5.31987108777407e-05,0.00032835606157516,0.0332138531223756
39,alap,0.00681426191495694,-0.00301539595406152,0.012662914730949,0.0161268015549202,0.0130180785096859,-0.000393336942025361,-0.000434909319625354,-0.0130261921030063,-0.0141640627128519,0.012707243993103,0.012662914730949,-0.0120904035051679,6.19476623003688e-05,0.000323755007640484,0.0331519054600752
40,alap,0.00686076329801856,-0.00294283959184828,0.0126107329556352,0.0160677751816957,0.0131871491521864,-0.000389615031180304,-0.00042998155811344,-0.0129727546497346,-0.0142202127064509,0.0126468018207708,0.0126107329556352,-0.0119390910918662,6.9377822525997e-05,0.000318473259888093,0.0330825276375492
41,alap,0.00690347227687491,-0.00287224702076793,0.0125583101534424,0.0160240110483818,0.0133386509115502,-0.000386482248488517,-0.00042536995409866,-0.0129163317646419,-0.0142648946595127,0.0125868505345386,0.0125583101534424,-0.0117953679917659,7.55949350802725e-05,0.000312622694039522,0.0330069327024689
42,alap,0.00694241284597119,-0.00280395500680646,0.012506031853775,0.0159923046699321,0.0134723968105701,-0.00038384773938952,-0.000421052807728033,-0.0128579681941123,-0.0142992376208655,0.0125277492097335,0.012506031853775,-0.0116590038104341,8.07024960513716e-05,0.000306300348744259,0.0329262302064176
43,alap,0.00697764872903813,-0.0027382205113134,0.0124542307485248,0.0159698636787812,0.0135884375438177,-0.000381632230824861,-0.000417009739861177,-0.0127985183482788,-0.0143242760494042,0.0124698005586815,0.0124542307485248,-0.0115297338839884,8.48009651231769e-05,0.000299590612250426,0.0328414292412944
44,alap,0.00700927763337872,-0.00267522873090766,0.0124031893071479,0.0159542912699456,0.0136870332172511,-0.000379767019516823,-0.000413221731073151,-0.0127386734217186,-0.01434095686474,0.0124132541553491,0.0124031893071479,-0.0114072690410402,8.79870831133444e-05,0.000292567092327801,0.032753442158181
45,alap,0.00703742554260384,-0.00261510144859483,0.012353142963232,0.015943562592446,0.013768624584952,-0.000378192968030807,-0.000409671125229445,-0.0126789856202983,-0.0143501462138641,0.0123583102591054,0.012353142963232,-0.0112913040899723,9.03533043757725e-05,0.000285294201305059,0.0326630888538053
46,alap,0.00706224122343185,-0.00255790537046295,0.0123042837026573,0.0159359963492096,0.0138338046359323,-0.000376859526123663,-0.000406341604737888,-0.0126198896506902,-0.0143526359057616,0.0123051240387125,0.0123042837026573,-0.0111815250563731,9.19873462625947e-05,0.000277828489950074,0.0325711015075427
47,alap,0.00708389106947543,-0.00250366020533996,0.0122567639004235,0.0159302234737286,0.013883291193582,-0.000375723791316128,-0.000403218143910488,-0.0125617216478637,-0.0143491494808004,0.0122538100209971,0.0122567639004235,-0.0110776152334237,9.29718530779843e-05,0.0002702197634832,0.0324781296544647
48,alap,0.0071025543630771,-0.00245234631298822,0.0122107002733411,0.0159251543992305,0.0139179010239917,-0.000374749619281532,-0.00040028694612166,-0.012504735728271,-0.0143403478946831,0.0122044466145746,0.0122107002733411,-0.010979260132692,9.33841684212766e-05,0.000262512011153809,0.0323847454860434
49,alap,0.00711841900330048,-0.00240391180192384,0.0121661778370021,0.015919946124847,0.0139385258063152,-0.000373906791615097,-0.000397535369682523,-0.0124491183631654,-0.0143268348077577,0.0121570805853233,0.0121661778370021,-0.0108861514372999,9.32962073317945e-05,0.000254744178148299,0.0322914492787116
50,alap,0.00713167772254747,-0.00235827900265984,0.0121232537763542,0.0159139700119736,0.0139461101972125,-0.000373170245889456,-0.000394951846601588,-0.012395000768262,-0.0143091614795869,0.0121117313855593,0.0121232537763542,-0.0107979900663236,9.27744180396285e-05,0.000246950805555802,0.032198674860672
51,alap,0.00714252479463748,-0.00231535027771569,0.0120819611588727,0.0159067810106038,0.0139416321205848,-0.000372519370628839,-0.000392525797694589,-0.0123424695036009,-0.0142878312760098,0.0120683952621456,0.0120819611588727,-0.010714488460582,9.18798222348003e-05,0.000239162560977055,0.0321067950384372
52,alap,0.00715115322246302,-0.00227501315753467,0.0120423124371952,0.01589808881727,0.0139260853314242,-0.000371937365939975,-0.000390247546855535,-0.0122915754717767,-0.0142633038016576,0.0120270490895469,0.0120423124371952,-0.010635372197251,9.06681224466858e-05,0.000231406679302432,0.0320161269159905
53,alap,0.00715775238262217,-0.00223714481273855,0.012004302703872,0.0158877313003806,0.0139004642367143,-0.000371410669000779,-0.000388108236715384,-0.0122423414944166,-0.0142359986751733,0.0119876538918956,0.012004302703872,-0.0105603810352446,8.91898652483353e-05,0.000223707330316114,0.0319269370507422
54,alap,0.00716250609696754,-0.00220161588899859,0.0119679126744737,0.0158756503920769,0.0138657509049911,-0.000370928442397605,-0.000386099747397306,-0.012194768636577,-0.0142062989674419,0.01195015803343,0.0119679126744737,-0.0104892694859969,8.74906494558343e-05,0.000216085927164951,0.0318394464012863
55,alap,0.0071655910961727,-0.00216829374214325,0.0119331113867233,0.0158618705350994,0.0138229041575177,-0.000370482122383261,-0.000384214619628159,-0.0121488414371925,-0.0141745543251206,0.0119145000693054,0.0119331113867233,-0.0104218069958889,8.56113691872446e-05,0.000208561387389614,0.0317538350320991
56,alap,0.00716717583767302,-0.00213704511876036,0.0118998586126916,0.0158464796854409,0.013772850606239,-0.000370065023464165,-0.000382445983081872,-0.0121045321913554,-0.014141083802861,0.0118806112589519,0.0118998586126916,-0.0103577778176499,8.35884825007116e-05,0.000201150356157245,0.0316702465495984
57,alap,0.00716741963924503,-0.0021077383321813,0.0118681069885752,0.0158296128037906,0.0137164774851058,-0.000369671995279475,-0.000380787490507965,-0.0120618044174532,-0.0141061784279844,0.0118484177520977,0.0118681069885752,-0.0102969806390402,8.14542972829563e-05,0.000193867399550006,0.0315887922523154
58,alap,0.00716647208967678,-0.00208024498595575,0.0118378038723688,0.0158114377181473,0.0136546271104319,-0.000369299127473007,-0.000379233257932324,-0.0120206156294053,-0.0140701035211529,0.0118178424635552,0.0118378038723688,-0.0102392280282913,7.92372670561524e-05,0.000186725174235499,0.0315095549852593
59,alap,0.00716447269914017,-0.00205444129725066,0.0118088929440433,0.0157921432038782,0.0135880928013084,-0.000368943498147847,-0.000377777811002099,-0.011980919521694,-0.0140331007959113,0.0117888066571379,0.0118088929440433,-0.010184345747355,7.69622903727517e-05,0.000179734578551106,0.0314325926948865
60,alap,0.00716155075374803,-0.00203020907147384,0.0117813155658665,0.0157719291035619,0.0135176160914913,-0.000368602961504627,-0.000376416037376597,-0.011942667662794,-0.0139953902589519,0.0117612312619085,0.0117813155658665,-0.0101321719761374,7.46510084433366e-05,0.000172904888950952,0.0313579416864432
61,alap,0.00715782534114898,-0.00200743637720059,0.0117550119224466,0.0157509982950222,0.013443885068512,-0.000368275970371235,-0.000375143144935522,-0.0119058107811414,-0.0139571719316937,0.011735037945584,0.0117550119224466,-0.010082556483663,7.23220965693234e-05,0.000166243884867285,0.0312856195898739
62,alap,0.00715340551670781,-0.00198601796748113,0.0117299219611212,0.0157295503101277,0.0133675336830961,-0.000367961429511508,-0.000373954625479636,-0.0118702997170486,-0.0139186274123332,0.0117101499705731,0.0117299219611212,-0.0100353597755698,6.99915458144016e-05,0.00015975796430399,0.0312156280440595
63,alap,0.00714839058269541,-0.00196585549008455,0.0117059861536379,0.0157077764075115,0.0132891418814795,-0.000367658575833442,-0.000372846223531641,-0.0118360861040537,-0.013879921295997,0.011686492857988,0.0117059861536379,-0.00999045224150179,6.76729321356652e-05,0.000153452251886655,0.0311479551119238
64,alap,0.00714287045585657,-0.00194685752540219,0.0116831460998134,0.0156858559078936,0.0132092364242111,-0.000367366881886919,-0.000371813909802199,-0.0118031228341178,-0.013841202469054,0.0116639948842397,0.0116831460998134,-0.00994771332082838,6.53776709017233e-05,0.000147330700620604,0.0310825774410221
65,alap,0.00713692610164702,-0.00192893948675982,0.011661344993159,0.0156639536099052,0.0131282922669335,-0.000367085979332928,-0.000370853858863143,-0.01177136435288,-0.0138026052920787,0.0116425874336378,0.011661344993159,-0.00990703070066218,6.3115255348564e-05,0.000141396188237137,0.0310194621856735
66,alap,0.00713063001626456,-0.00191202341390862,0.0116405279674299,0.0156422181161504,0.0130467343909764,-0.000366815599369146,-0.00036996243056339,-0.0117407668238221,-0.0137642506844267,0.0116222052289106,0.0116405279674299,-0.00986829955632588,6.08934780652981e-05,0.000135650608722255,0.0309585687076082
67,alap,0.00712404674029108,-0.00189603768658379,0.0116206423417969,0.0156207809128032,0.0129649399839904,-0.00036655552740147,-0.000369136154729268,-0.0117112881936721,-0.0137262471219205,0.0116027864598425,0.0116206423417969,-0.00983142184119261,5.87186350640083e-05,0.000130094959406695,0.0308998500725442
68,alap,0.00711723339027869,-0.00188091668131442,0.0116016377809291,0.0155997560605898,0.0128832408829941,-0.000366305569550137,-0.000368371718707124,-0.0116828881856387,-0.0136886915577612,0.0115842728283869,0.0116016377809291,-0.00979630563014246,5.65957123751916e-05,0.000124729423838307,0.030843254360169
69,alap,0.00711024019692785,-0.00186660039119586,0.0115834663847842,0.0155792403699537,0.0128019262038789,-0.000366065528867098,-0.000367665957329482,-0.011655528242073,-0.0136516702755009,0.0115666095267263,0.0115834663847842,-0.0097628645186867,5.45285554282334e-05,0.000119553450546322,0.0307887258047408
70,alap,0.00710311104060683,-0.00185303402513252,0.0115660827213859,0.0155593139480685,0.0127212450924341,-0.000365835189414099,-0.000367015844914657,-0.0116291714338473,-0.0136152596817324,0.0115497451628748,0.0115660827213859,-0.00973101707805908,5.25200217311702e-05,0.000114565827732379,0.0307362057830096
71,alap,0.00709588397684392,-0.00184016760014844,0.0115494438143617,0.0155400410197968,0.0126414095422138,-0.000365614306605743,-0.000366418488941595,-0.0116037823500644,-0.0135795270450833,0.0115336316465939,0.0115494438143617,-0.00970068636520607,5.05721175622323e-05,0.000109764753876718,0.0306856336654474
72,alap,0.00708859174608691,-0.00182795553775363,0.0115335090955631,0.0155214709384111,0.0125625972339845,-0.000365402602456886,-0.000365871125075525,-0.0115793269786019,-0.013544531187144,0.011518224046659,0.0115335090955631,-0.00967179948557744,4.86861195339521e-05,0.000105147904222927,0.0306369475459134
73,alap,0.0070812622634766,-0.00181635627304693,0.0115182403317035,0.015503639314715,0.0124849543600322,-0.000365199764588193,-0.0003653711132544,-0.0115557725854063,-0.013510323130107,0.0115034804288893,0.0115182403317035,-0.00964428720587515,4.68626819955006e-05,0.000100712493094772,0.0305900848639179
74,alap,0.00707391908563045,-0.00180533188322236,0.0115036015326604,0.0154865692050023,0.0124085984042655,-0.000365005448037428,-0.000364915934580235,-0.01153308759831,-0.0134769467051463,0.0114893616828561,0.0115036015326604,-0.00961808361342082,4.51019313066555e-05,9.6455331999146e-05,0.0305449829326113
75,alap,0.00706658185249353,-0.00179484774041263,0.0114895588478922,0.0154702723089992,0.0123336208558343,-0.00036481927909743,-0.000364503188792591,-0.0115112414994114,-0.0134444391249137,0.0114758313438164,0.0114895588478922,-0.00959312581850781,4.34035480533041e-05,9.23728834757404e-05,0.030501579384558
76,alap,0.0070592667032003,-0.00178487219233118,0.0114760804563349,0.015454750138536,0.0122600898399266,-0.000364640860555666,-0.000364130592133099,-0.0114902047286689,-0.013412831522971,0.0114628554151966,0.0114760804563349,-0.00956935369597863,4.17668382850877e-05,8.84613106632392e-05,0.0304598125462729
77,alap,0.00705198666561935,-0.0017753762729427,0.0114631364541642,0.0154399951261963,0.0121880526545652,-0.000364469777845929,-0.000363795975439697,-0.0114699486002801,-0.0133821494624964,0.0114504021958527,0.0114631364541642,-0.00954670966227856,4.01907948456532e-05,8.47165225608794e-05,0.0304196217514272
78,alap,0.0070447520198406,-0.00176633344437684,0.0114506987439339,0.0154259916506482,0.012117538206638,-0.00036430560574157,-0.000363497282337094,-0.0114504452325919,-0.0133524134162068,0.0114384421153758,0.0114506987439339,-0.00952513848435445,3.86741498393915e-05,8.11342149708324e-05,0.0303809476015878
79,alap,0.0070375706363278,-0.00175771937047647,0.011438740927828,0.0154127169618392,0.0120485593441525,-0.000364147915323314,-0.000363232567415677,-0.0114316674916895,-0.0133236392191039,0.0114269475798654,0.011438740927828,-0.00950458711696742,3.72154192393977e-05,7.77099071092969e-05,0.0303437321823484
80,alap,0.0070304482898162,-0.00174951172171396,0.0114272382070865,0.0154001419948187,0.0119811150848469,-0.000363996281044801,-0.000362999994314764,-0.0114135889483964,-0.0132958384953818,0.0114158928298717,0.0114272382070865,-0.00948500456524979,3.58129405929925e-05,7.44389738711876e-05,0.0303079192417554
1,optimista,0.00334505028532776,-0.00325633373303548,0.00779361334008568,0.00373183325514921,9.59324383284377e-05,-1.04004149823939e-05,2.10881178375292e-05,-0.00104444074344655,-0.00468384225737097,0.00849704147770839,0.00779361334008568,-0.00826219944664316,-0.00099545793727058,-0.000328084022423575,0.0310026455181423
2,optimista,0.00257600197648867,-0.00600713035217582,0.0116682259678003,0.00750249733752197,0.000353621356333286,-2.09747622253777e-05,3.06825150080895e-06,-0.00100802733704746,-0.00441258777740296,0.0123528966580413,0.0116682259678003,-0.0147349205960503,-0.00146108084291635,-0.000731216426353554,0.0322855267158788
3,optimista,0.00223345274084925,-0.00767303647286931,0.013614243453416,0.0111890224093424,0.000702907294446581,-2.83543905394466e-05,-1.51196449530063e-05,-0.000989507608777663,-0.00418656593652014,0.0142859331522458,0.013614243453416,-0.0189557369586095,-0.00167331143063359,-0.0011079473550747,0.0335299308297865
4,optimista,0.00219016030608599,-0.0085963659031466,0.0146377922945806,0.0146737849903448,0.00107775092124687,-4.13255274512181e-05,-3.62538196245664e-05,-0.000983130901958736,-0.00400381041569904,0.015309255273286,0.0146377922945806,-0.0216784925169361,-0.00175579318047341,-0.00142182400942546,0.0346341481647449
5,optimista,0.00233090141966649,-0.0090484432918785,0.0152352430413229,0.0178614122261697,0.0014269484824906,-6.27525133999481e-05,-6.11716320427755e-05,-0.000996789158586647,-0.00386733598290426,0.015917875034823,0.0152352430413229,-0.0234374975550028,-0.00176623015419984,-0.00166412397162411,0.0355900086714475
6,optimista,0.00256627858749562,-0.00922411799227187,0.0156440431451439,0.0206848393524621,0.00171770186706344,-9.29849648591006e-05,-8.98680754202592e-05,-0.00104233352102523,-0.00378147832707423,0.0163447818925511,0.0156440431451439,-0.024591946459535,-0.00173312814937143,-0.00183760445100393,0.0364261674695727
7,optimista,0.00283476737507491,-0.0092552950254948,0.01597382015147,0.0231064544076285,0.00193599274258759,-0.000131388304359373,-0.000121995139984226,-0.0011315539915598,-0.00375034755327162,0.0166949555522293,0.01597382015147,-0.0253763998534133,-0.00167167177030994,-0.00194936824094451,0.0371834521246249
8,optimista,0.00309937912883027,-0.0092259114154464,0.0162736408425207,0.0251170912815374,0.00208558637402206,-0.000177031973422942,-0.000157091599040641,-0.00127468651460805,-0.00377723663413032,0.0170137098852146,0.0162736408425207,-0.0259397778151531,-0.00159072146444011,-0.00200774080233041,0.0379042912343694
9,optimista,0.00334275033420476,-0.00918452021605239,0.0165655993443803,0.0267342010269984,0.00218653318473451,-0.000228993406500666,-0.000194689145406022,-0.00148004078848052,-0.00386446328773773,0.0173204713495585,0.0165655993443803,-0.0263730485403374,-0.00149598588432172,-0.00202093927431408,0.0386284027963479
10,optimista,0.00356244118349918,-0.00915396658709312,0.0168609888389722,0.0279998696470676,0.00227359439642847,-0.000286481787729384,-0.000234359885763997,-0.0017541087269375,-0.00401340629640192,0.0176248111386634,0.0168609888389722,-0.0267283405183342,-0.00139152912489459,-0.0019965563482649,0.0393912959767006
11,optimista,0.00376711286760875,-0.00913849024259759,0.017167741004155,0.028979030411293,0.00239480583203876,-0.000348874549216969,-0.00027573488000218,-0.00210185560793929,-0.00422462348081205,0.0179336895745302,0.017167741004155,-0.0270319608829638,-0.00128053995679116,-0.00194142102052877,0.0402240409500252
12,optimista,0.00397372085286405,-0.00912876554826742,0.0174937054597266,0.0297580541816318,0.00261028650479285,-0.000415710630926447,-0.000318507885343269,-0.00252705214235212,-0.00449799635837528,0.0182545997546095,0.0174937054597266,-0.0272931890855542,-0.00116576220450719,-0.00186163446974608,0.0411535961809637
13,optimista,0.00420563869749192,-0.0091053653536847,0.0178481257080526,0.0304438111104356,0.00299134137236002,-0.000827287398705874,-0.000524931463763459,-0.00303257969424271,-0.00483287414894731,0.0185970055070282,0.0178481257080526,-0.027510181815063,-0.00104975891607309,0.00112790313833181,0.0422033550970368
14,optimista,0.00463814381848703,-0.00877770494207463,0.018175280706189,0.0311632452078805,0.00361987614350954,-0.0010526512957451,-0.000669876039062589,-0.0041384275555635,-0.00551379748906422,0.0188994520767265,0.018175280706189,-0.0272127531080399,-0.000935085743884083,0.000813572910829642,0.0431384408409209
15,optimista,0.00513290569645847,-0.00833404273867356,0.0184508908961977,0.0317288108037577,0.00436776197977182,-0.00129951766870279,-0.000821116413949207,-0.00553153614731787,-0.00641541475326351,0.0191408535982851,0.0184508908961977,-0.0266644174914868,-0.000824260483973591,0.000523060846967192,0.0439627013248945
16,optimista,0.00560690829767311,-0.00789163734605748,0.0186678027020194,0.0320323865796294,0.00514848390176462,-0.00156823187766362,-0.00097860195335507,-0.00723022619638021,-0.00753775611311607,0.0193173241293437,0.0186678027020194,-0.026033558567367,-0.000719170743478383,0.000251210442067239,0.0446818720683729
17,optimista,0.00601630309915424,-0.00751490343148676,0.0188278148114888,0.0320482958593797,0.00591739801853896,-0.00144054638924427,-0.000948566680782618,-0.0092524273406099,-0.0088807612404818,0.0194334195577092,0.0188278148114888,-0.0254232321316856,-0.000620932156145821,0.000303209666126048,0.0453028042245187
18,optimista,0.00636842425657009,-0.00719733084151999,0.018936880752646,0.0318365781382638,0.00667203146969279,-0.00132861525617642,-0.00092115031386229,-0.0109794364852307,-0.0101038291199332,0.0194970478329331,0.018936880752646,-0.0248403907253261,-0.000529997637374737,0.000360690728634465,0.0458328018618934
19,optimista,0.00667189430371027,-0.00692979983061402,0.0190023859804577,0.0314511845775582,0.00741195806957574,-0.00123014991412668,-0.000895883423605729,-0.0124499598503573,-0.0112175593405495,0.0195170509635698,0.0190023859804577,-0.0242860951242902,-0.000446407922972036,0.000419216082096699,0.0462792097848655
20,optimista,0.00693525907546229,-0.00670265480077787,0.019031693682634,0.0309395038381933,0.00813775985993617,-0.00114327837207251,-0.00087240846313145,-0.013697289727312,-0.0122311964905091,0.0195018300870123,0.019031693682634,-0.0237586188509119,-0.000369959474308833,0.000475608916318028,0.0466491692591743
21,optimista,0.00716625830386121,-0.00650681448944158,0.0190314493930221,0.0303422378560841,0.00885031015696993,-0.00106646798295732,-0.000850457573724221,-0.0147502083664966,-0.0131528945399371,0.0194587273184758,0.0190314493930221,-0.0232551695175273,-0.000300312922611957,0.000527736008498506,0.0469494821817863
22,optimista,0.00737150469702198,-0.00633432214191996,0.019007322967084,0.0296935575524062,0.00955031615988695,-0.000998456656544196,-0.000829832340049982,-0.0156337292822669,-0.0139899289987606,0.0193938434885061,0.019007322967084,-0.0227728263482665,-0.000237062352441019,0.00057428939864013,0.0471865445342273
23,optimista,0.00755640876927194,-0.00617855654779703,0.0189639883346645,0.0290214661225809,0.0102380611761173,-0.000938194962381539,-0.000810386506330758,-0.0163696969361007,-0.0147488628864604,0.0193120861680839,0.0189639883346645,-0.0223090065626316,-0.000179778752135437,0.000614588475160813,0.0473663232863627
24,optimista,0.00772524153248193,-0.00603424205265008,0.0189052200300263,0.0283483035996996,0.0109132933365762,-0.000884799264541944,-0.000792011880092667,-0.0169772684321156,-0.0154356740270137,0.0192173235266315,0.0189052200300263,-0.0218616512259379,-0.000128036245451573,0.000648411352887547,0.0474943595318143
25,optimista,0.00788126623229342,-0.00589734668486337,0.0188340356644505,0.0276913361856809,0.0115752163225796,-0.000837514901255789,-0.000774627244782439,-0.0174732998926136,-0.0160558512049259,0.0191125723653588,0.0188340356644505,-0.0214292516091924,-8.1426854092375e-05,0.000675857442227932,0.0475757863859066
26,optimista,0.00802689676781801,-0.00576492546010067,0.0187528450338951,0.0270633847391327,0.0122225464558041,-0.000795687948667362,-0.000758169912463991,-0.0178726575478917,-0.0166144660273847,0.0190001817922967,0.0187528450338951,-0.0210107924611778,-3.95677405653762e-05,0.000697239377662628,0.047615354126472
27,optimista,0.00816385790149835,-0.00563494442349289,0.0186635859356428,0.0264734573346929,0.0128536086494789,-0.000758744001473126,-0.000742589482099639,-0.0181884703524715,-0.0171162263471709,0.0188819941516088,0.0186635859356428,-0.0206056591321528,-2.10367904826143e-06,0.000713000699033529,0.0476174578055203
28,optimista,0.00829333365536866,-0.00550610663675037,0.0185678383131034,0.0259273602175832,0.0134664507870081,-0.000726172493094417,-0.000727843372806816,-0.0184323377170871,-0.0175655160446025,0.0187594766056619,0.0185678383131034,-0.0202135361339947,3.12933397019702e-05,0.000723655068112087,0.0475861644658183
29,optimista,0.00841609740463504,-0.00537769187887922,0.0184669149080589,0.025428269460336,0.0140589619640921,-0.000697515261006166,-0.000713893741270432,-0.0186145030207363,-0.0179664249700804,0.0186338232742007,0.0184669149080589,-0.0198343122306336,6.09260682917936e-05,0.000729742852025692,0.0475252383975265
30,optimista,0.0085326215136207,-0.0052494157581218,0.0183619300498308,0.0249772521347994,0.0146289847381123,-0.000672358277798223,-0.000700705447731619,-0.0187440010664288,-0.0183227719718591,0.0185060310846504,0.0183619300498308,-0.019467999302031,8.70746642280798e-05,0.000731801296120824,0.0474381637332984
31,optimista,0.00864316687089329,-0.00512131014625862,0.01825384977375,0.0245737309324817,0.0151744151896236,-0.000650325681044393,-0.000688244793679431,-0.0188287855953607,-0.0186381231976545,0.0183769537940229,0.01825384977375,-0.0191146674718006,0.000109999504663763,0.000730345045983501,0.0473281642286347
32,optimista,0.00874785402148996,-0.00499362458854551,0.0181435269244063,0.0242158900606513,0.0156932873639832,-0.000631075427336391,-0.000676478809946396,-0.0188758413507801,-0.0189158072626634,0.0182473388452589,0.0181435269244063,-0.0187743962665016,0.000129943828797715,0.000725854346308612,0.047198220399837
33,optimista,0.00884671820276886,-0.00486674708962608,0.0180317247610709,0.0239010230964192,0.0161838406810129,-0.00061429606033949,-0.000665374923123433,-0.0188912839327924,-0.019158928408011,0.0181178513447163,0.0180317247610709,-0.0184472401540099,0.000147136036294459,0.000718768779764015,0.0470510843635425
34,optimista,0.00893975075718934,-0.00474114206861946,0.0179191321517208,0.0236258254819311,0.016644570322584,-0.000599704217858515,-0.000654900869877696,-0.0188804497478688,-0.0193703784149999,0.0179890888131162,0.0179191321517208,-0.0181332061964742,0.000161791572910728,0.000709484881280505,0.0468892927906318
35,optimista,0.00902692930980733,-0.00461730307193263,0.0178063729024579,0.0233866356620992,0.0170742615610292,-0.000587042610362291,-0.000645024762869403,-0.0188479776716203,-0.0195528477730599,0.0178615896567752,0.0178063729024579,-0.0178322414227449,0.000174114400044095,0.000698356361483053,0.0467151783905877
36,optimista,0.00910823888144554,-0.00449571786775101,0.0176940112252841,0.0231796296524757,0.0174720095851231,-0.000576078286486602,-0.000635715239137723,-0.01879788355579,-0.0197088364051499,0.017735837631994,0.0176940112252841,-0.017544227662543,0.000184298083789893,0.000685695997806382,0.0465308803067978
37,optimista,0.00918368583539303,-0.00437684371510743,0.0175825548534694,0.0230009742065644,0.0178372267057376,-0.000566601063569408,-0.000626941642961388,-0.0187336283734601,-0.019840664117677,0.0176122639830793,0.0175825548534694,-0.017268981854524,0.000192526559398685,0.000671778509719487,0.0463383537473991
38,optimista,0.00925330627081141,-0.00426109083464806,0.0174724568937381,0.0228469438345431,0.0181696389533487,-0.000558422047093457,-0.00061867421127475,-0.0186581805714126,-0.0199504808492977,0.017491248442133,0.0174724568937381,-0.0170062601596632,0.000198974634826674,0.000656843934538231,0.0461393791125724
39,optimista,0.00931717020482964,-0.00414881236524924,0.0173641171638119,0.0227140067942523,0.0184692740721527,-0.000551372195512145,-0.000610884241674655,-0.018574073054424,-0.0200402767331482,0.0173731198869451,0.0173641171638119,-0.0167557645314485,0.000203808296819039,0.000641101172266509,0.0459355708157534
40,optimista,0.00937538264022006,-0.00404029934520436,0.0172578834982245,0.0225988848979644,0.0187364428154698,-0.000545300909335191,-0.000603544231731853,-0.0184834551388813,-0.020111891951234,0.0172581571531264,0.0172578834982245,-0.0165171506889804,0.000207184877866097,0.000624731481016376,0.0457283859378873
41,optimista,0.00942808240156743,-0.00393577949470744,0.0171540533056938,0.0224985916074693,0.0189717152884583,-0.000540074638066904,-0.000596627984447161,-0.0183881397641267,-0.0201670263409411,0.0171465902749425,0.0171540533056938,-0.0162900366960752,0.000209253134674729,0.000607891787021455,0.0455191328032126
42,optimista,0.00947543944051023,-0.00383541879086885,0.0170528755169181,0.0224104524655758,0.0191758938923911,-0.000535575507655288,-0.000590110678869305,-0.0182896462257821,-0.0202072487065599,0.0170386022720286,0.0170528755169181,-0.0160740115651572,0.000210153280035013,0.000590717732042674,0.0453089795231776
43,optimista,0.00951765115805042,-0.00373932501498505,0.0169545529616597,0.022332111464323,0.0193499842184141,-0.000531699976129319,-0.000583968907606227,-0.018189238686129,-0.0202340057893447,0.0169343314928514,0.0169545529616597,-0.0158686434803201,0.000210017001137605,0.0005733264217961,0.04509896252204
44,optimista,0.00955493816602604,-0.00364755261434246,0.0168592451485743,0.0222615265009934,0.0194951650310255,-0.000528357527312478,-0.000578180684601947,-0.0180879607155391,-0.0202486308549954,0.01683387445853,0.0168592451485743,-0.0156734873731638,0.000208967489130462,0.000555818866494738,0.0448899950329095
45,optimista,0.00958753980714487,-0.0035601083590139,0.0167670713819409,0.0221969566380092,0.0196127582815239,-0.000525469412838905,-0.000572725427418904,-0.0179866661212771,-0.0202523518654336,0.0167372891123885,0.0167670713819409,-0.0154880916927017,0.000207119497342323,0.000538282122284211,0.0446828755355672
46,optimista,0.00961570967004142,-0.00347695739016378,0.0166781141292312,0.0221369434725458,0.0197041999052725,-0.000522967451856913,-0.000567583918592768,-0.0178860463227284,-0.0202462992108506,0.0166445983632071,0.0166781141292312,-0.0153120042918387,0.000204579439305728,0.000520791153032611,0.0444782960962614
47,optimista,0.00963971126945845,-0.00339802935284296,0.0165924225466882,0.0220802885429341,0.0197710119873642,-0.000520792896284325,-0.000562738250588127,-0.0177866545334145,-0.0202315129872349,0.0165557938071022,0.0165924225466882,-0.0151447774124326,0.000201445532520606,0.00050341043769979,0.0442768505637408
48,optimista,0.00965981400904342,-0.00332322438564861,0.0165100160723706,0.022026028355432,0.0198147767309257,-0.000518895367634438,-0.000558171758609282,-0.0176889270090959,-0.0202089498132818,0.0164708395193254,0.0165100160723706,-0.0149859717930796,0.000197807989767077,0.000486195350918516,0.0440790425739738
49,optimista,0.00967628950295296,-0.00325241880433061,0.0164308880041128,0.021973408308326,0.0198371125314288,-0.000517231869501581,-0.000553868945105857,-0.0175932016174455,-0.0201794891883735,0.0163896758193018,0.0164308880041128,-0.0148351599522096,0.000193749256612861,0.000469193344609708,0.0438852933173609
50,optimista,0.0096894083004101,-0.00318547036860938,0.0163550089910901,0.0219218565205525,0.0198396523486285,-0.00051576587793868,-0.000549815399326168,-0.0174997339782156,-0.0201439393999783,0.0163122229272172,0.0163550089910901,-0.0146919287169645,0.000189344291451456,0.000452444957247498,0.0436959490259094
51,optimista,0.00969943703283328,-0.00312222306305865,0.0162823303803738,0.0218709583379578,0.0198240244741783,-0.000514466510272465,-0.000545997714760051,-0.0174087114137716,-0.0201030429942952,0.0162383844464934,0.0162823303803738,-0.0145558810782096,0.000184660882828161,0.000435984675367526,0.0435112881430813
52,optimista,0.00970663598471848,-0.00306251135559239,0.0162127873727864,0.0218204320899834,0.01979183571626,-0.000513307771437366,-0.000542403406809561,-0.0173202649386972,-0.0200574818282712,0.0161680506222685,0.0162127873727864,-0.0144266374559809,0.000179759997838796,0.000419841669474714,0.0433315281452425
53,optimista,0.0097112570759235,-0.00300616392234374,0.0161463019547006,0.0217701065005221,0.019744656961158,-0.00051226787568875,-0.000539020832551508,-0.0172344795043471,-0.0200078817243254,0.0161011013406853,0.0161463019547006,-0.0143038364593269,0.0001746961549047,0.00040404042392511,0.0431568319903378
54,optimista,0.00971354223340185,-0.00295300684680436,0.0160827855836682,0.0217199000161715,0.0196840110239379,-0.000511328640581099,-0.00053583911402297,-0.0171514027001767,-0.0199548167513184,0.0160374088469094,0.0160827855836682,-0.0141871352211779,0.000169517814132136,0.000388601277805473,0.0429873141762056
55,optimista,0.00971372212396126,-0.002902866315089,0.0160221416156268,0.0216698022002316,0.0196113626645983,-0.000510474949354696,-0.00053284806607642,-0.0170710520988511,-0.0198988131566479,0.0159768401710995,0.0160221416156268,-0.0140762093835532,0.000164267778661774,0.000373540891422427,0.0428230463975439
56,optimista,0.0097120152156227,-0.00285557083903391,0.0159642674698172,0.0216198572486382,0.0195281106205961,-0.000509694277345068,-0.000530038129517285,-0.0169934214169277,-0.0198403529749448,0.0159192592609854,0.0159642674698172,-0.0139707528018781,0.000158983600824922,0.000358872650801448,0.042664062796719
57,optimista,0.00970862713308714,-0.00281095304531932,0.0159090565344314,0.0215701496117547,0.0194355814899683,-0.000508976277687966,-0.0005274003099534,-0.0169184856476458,-0.0197798773388242,0.0158645288273077,0.0159090565344314,-0.0138704770300011,0.000153697987480416,0.000344607020613883,0.0425103648092385
58,optimista,0.0097037502722395,-0.00276885107259941,0.0158563998214872,0.021520791650861,0.0193350252899193,-0.000508312421412751,-0.000524926122550323,-0.0168462053073492,-0.0197177895166261,0.0158125119142863,0.0158563998214872,-0.0137751106401052,0.000148439199554476,0.000330751854205579,0.0423619256096841
59,optimista,0.00969756363916651,-0.00272910962029654,0.0158061873836007,0.0214719132177553,0.0192276125124224,-0.000507695686972224,-0.000522607542695534,-0.0167765299225291,-0.019654457701177,0.0157630732116608,0.0158061873836007,-0.0136843984244097,0.000143231441500827,0.00031731266788774,0.0422186941681832
60,optimista,0.00969023288054363,-0.00269158069275001,0.01575830950835,0.0214236530177854,0.0191144324998863,-0.000507120294322254,-0.00052043696242369,-0.0167094008706004,-0.0195902175724055,0.015716080127892,0.01575830950835,-0.0135981005185687,0.000138095237105094,0.000304292885355248,0.0420805989310781
61,optimista,0.00968191047421282,-0.00265612408120452,0.0157126577079395,0.0213761515987553,0.0189964929692359,-0.000506581478816831,-0.0005184071523399,-0.0166447536744402,-0.0195253746552449,0.0156714036460152,0.0157126577079395,-0.0135159914801473,0.000133047788749114,0.000291694057001332,0.041947551142329
62,optimista,0.0096727360511337,-0.00262260762401443,0.0156691255230491,0.0213295457986154,0.0188747205209203,-0.000506075300402777,-0.000516511228693789,-0.0165825198385198,-0.01946020649272,0.0156289189845905,0.0156691255230491,-0.0134378593495718,0.000128103317907831,0.000279516057979301,0.0418194478244212
63,optimista,0.00966283682248885,-0.00259090728270197,0.0156276091602176,0.0212839644819673,0.0187499619796081,-0.00050559848386509,-0.000514742625199438,-0.016522628303206,-0.0193949646525133,0.0155885060863734,0.0156276091602176,-0.013363504715567,0.000123273385260047,0.000267757268101029,0.0416961744391611
64,optimista,0.00965232808843463,-0.00256090706836655,0.0155880079820187,0.0212395253977486,0.0186229864249907,-0.000505148286173128,-0.000513095069160855,-0.0164650065835207,-0.0193298765836757,0.0155500499569029,0.0155880079820187,-0.0132927398023195,0.000118567189345614,0.00025641473603737,0.0415776072498155
65,optimista,0.00964131380771632,-0.00253249884957879,0.0155502248687483,0.0211963329967408,0.0184944877836189,-0.00050472238729647,-0.000511562561445672,-0.0164095816493278,-0.0192651473385421,0.0155134408743075,0.0155502248687483,-0.0132253875914385,0.000113991843190807,0.000245484329778415,0.0414636154066247
66,optimista,0.00962988721003465,-0.00250558206945205,0.015514166469471,0.0211544770566991,0.0183650878655997,-0.00050431880118633,-0.00051013935984754,-0.016356280595552,-0.0192009611733558,0.0154785744903957,0.015514166469471,-0.0131612809882023,0.000109552628748797,0.000234960874903765,0.0413540627778759
67,optimista,0.00961813143560512,-0.00248006339617708,0.0154797433591638,0.0211140319740313,0.0182353397428855,-0.000503935803945171,-0.000508819965387277,-0.0163050311435776,-0.01913748303962,0.0154453518416263,0.0154797433591638,-0.01310026203854,0.000105253229363905,0.0002248382818888,0.041248809548512
68,optimista,0.00960612018875243,-0.00245585632801734,0.0154468701174212,0.0210750565933111,0.0181057313785288,-0.000503571876526639,-0.000507599111121287,-0.0162557620083954,-0.0190748599768072,0.0154136792869428,0.0154468701174212,-0.0130421812006745,0.000101095940769241,0.000215109663418011,0.0411477136077428
69,optimista,0.00959391839460211,-0.00243288077065536,0.0154154653428206,0.0210375944588878,0.0179766894283967,-0.000503225659614931,-0.000506471753050822,-0.0162084031602961,-0.0190132224157625,0.0153834683877688,0.0154154653428206,-0.012986896673279,9.70818613710302e-05,0.000205767442478364,0.0410506317463718
70,optimista,0.00958158284995426,-0.00241106260189741,0.0153854516156408,0.0210016743859696,0.0178485831483053,-0.000502895918623326,-0.000505433062755267,-0.016162886004896,-0.0189526854009612,0.0153546357437651,0.0153854516156408,-0.012934273780352,9.32110627641002e-05,0.00019680345185335,0.0409574206836077
71,optimista,0.00956916286124278,-0.00239033323611117,0.0153567554202211,0.0209673112614306,0.0177217283502023,-0.000502581517023255,-0.000504478421405061,-0.0161191435009587,-0.0188933497387055,0.0153271027962826,0.0153567554202211,-0.0128841844117236,8.9482741566879e-05,0.00018820902552248,0.0408679379420408
72,optimista,0.0095567008640954,-0.00237062919840428,0.0153293070368804,0.0209345069969407,0.0175963913608458,-0.000502281396466392,-0.00050360341484386,-0.0160771102317861,-0.0188353030773896,0.0153007956098493,0.0153293070368804,-0.0128365065171422,8.58953537661224e-05,0.000179975082383246,0.0407820425882746
73,optimista,0.00954423302042095,-0.00235189171645344,0.0153030404120086,0.0209032515686384,0.0174727929453444,-0.000501994562392085,-0.000502803829463832,-0.0160367224428257,-0.0187786209251082,0.0152756446405213,0.0153030404120086,-0.0127911236511971,8.24467328271041e-05,0.000172092202646008,0.0406995958554475
74,optimista,0.00953178979016776,-0.00233406633606066,0.0152778930137118,0.0208735240883262,0.0173511121659427,-0.000501720074021021,-0.000502075648631907,-0.0159979180555204,-0.0187233676091355,0.0152515844985333,0.0152778930137118,-0.012747924565877,7.91341928593773e-05,0.000164550697201024,0.0406204616625882
75,optimista,0.00951939647593287,-0.002317102564934,0.0152538056792516,0.0208452938609786,0.0172314901535627,-0.000501457037823872,-0.000501415049457618,-0.0159606366652563,-0.0186695971811493,0.0152285537113999,0.0152538056792516,-0.0127068028473074,7.59546181366134e-05,0.000157340670215673,0.0405445070444516
76,optimista,0.00950707373946942,-0.0023009535478497,0.0152307224594764,0.020818521392201,0.0171140337758846,-0.000501204603721844,-0.000500818399724468,-0.0159248195294858,-0.0186173542715136,0.0152064944924648,0.0152307224594764,-0.0126676565931112,7.29045402561442e-05,0.000150452075184702,0.0404716025041954
77,optimista,0.00949483808985383,-0.00228557577523063,0.0152085904644908,0.0207931593171482,0.0169988191912195,-0.000500961963425811,-0.000500282254836385,-0.0158904095506687,-0.0185666748954537,0.0151853525188557,0.0152085904644908,-0.0126303881268762,6.99802041940071e-05,0.000143874764623422,0.0404016223000014
78,optimista,0.00948270234365246,-0.00227092882625182,0.0151873597139602,0.0207691532293685,0.0168858952821408,-0.000500728350453815,-0.000499803354658527,-0.0158573512575425,-0.0185175872135559,0.0151650767218802,0.0151873597139602,-0.0125949037463557,6.71776244683642e-05,0.000137598533560171,0.040334444675533
79,optimista,0.00947067605788537,-0.00225697514683164,0.0151669829946866,0.0207464423941337,0.0167752869668887,-0.000500503041484695,-0.000499378620157649,-0.0158255907873552,-0.0184701122486905,0.0151456190920886,0.0151669829946866,-0.0125611135022502,6.4492632571493e-05,0.000131613156947775,0.0402699520429615
80,optimista,0.00945876593694136,-0.00224367986226273,0.0151474157274154,0.0207249603361492,0.0166669983899934,-0.000500285358810568,-0.000499005149771389,-0.0157950758710441,-0.018424264561183,0.0151269345005166,0.0151474157274154,-0.0125289310047066,6.19209167709986e-05,0.000125908421072267,0.0402080311261905
1,pesszimista,0.000124579508237399,-0.00116158970207608,0.0010364325430176,0.00317374112877675,0.001380771201626,7.24675662780986e-06,5.70029264916014e-06,-0.000633933426777935,-0.00138669574502925,0.00115889808738363,0.0010364325430176,-0.00306915900103195,-0.00058387045387689,-0.000192432608059199,0.00408846100359556
2,pesszimista,0.000148369160832034,-0.00175423441793476,0.00171625662424699,0.00635570788484761,0.00279092862305179,1.20155880046152e-05,1.31700413606039e-06,-0.000591221685364768,-0.00130734269344689,0.00187665174814337,0.00171625662424699,-0.00508695908166053,-0.000837812134293847,-0.000422568175765751,0.00482701805447271
3,pesszimista,0.000419388468866549,-0.00189813577713725,0.00221476959684011,0.00945172411855844,0.00417414295706849,1.65286448957134e-05,-3.83372247614216e-06,-0.000543396907329514,-0.00123966092400542,0.00240562276978877,0.00221476959684011,-0.00628266983770552,-0.000941706855957017,-0.000631943069050906,0.00553283553602538
4,pesszimista,0.000810957531408144,-0.00178050303144625,0.00260614699150026,0.0123758325511668,0.00547995731136002,1.64034516917322e-05,-1.11619535479811e-05,-0.000491103521721555,-0.00118441564505697,0.00281991184152194,0.00260614699150026,-0.00696508617302831,-0.000975573942885503,-0.000802439311217886,0.0061567867020308
5,pesszimista,0.00124314010654674,-0.00153193308132624,0.00292564806655463,0.0150589069670008,0.00666916992029472,1.09146923557645e-05,-2.08680889975962e-05,-0.000441615099064045,-0.0011448119961647,0.00315572246426526,0.00292564806655463,-0.00734397507606473,-0.000975795885873927,-0.000932260099699026,0.00670414275561687
6,pesszimista,0.00166826997495966,-0.00123734245771629,0.00319432240523962,0.0174502935303449,0.00771469045644298,6.70100188123916e-07,-3.26966735188056e-05,-0.00040294401173008,-0.00112424706276974,0.0034352862760505,0.00319432240523962,-0.00755390853490962,-0.000959344924912096,-0.00102563179556841,0.00719889222041839
7,pesszimista,0.00206032113228181,-0.000949138544787805,0.00342812295339761,0.0195166211689945,0.00860060340785169,-1.33793577075422e-05,-4.62623313140384e-05,-0.000381778258857627,-0.00112549911334055,0.00367577194804168,0.00342812295339761,-0.00767806520810036,-0.000934385529417292,-0.00108846151359844,0.00766893931376225
8,pesszimista,0.00240731342981056,-0.000697626976902916,0.00364083751198484,0.021239632815534,0.00932064651656535,-3.03382777006132e-05,-6.11850834778365e-05,-0.000383025969630209,-0.00115053020495795,0.00389209816329346,0.00364083751198484,-0.00776584320656809,-0.000904984435667185,-0.00112658488714004,0.00814034138391655
9,pesszimista,0.00270611251489707,-0.000498432707533714,0.00384479449365928,0.0226138589723508,0.00987662805873987,-4.95060006214578e-05,-7.71410123911386e-05,-0.000409988853253631,-0.00120053647892235,0.00409756974376723,0.00384479449365928,-0.00784492782503025,-0.000873245396761759,-0.00114513619022371,0.00863542525470199
10,pesszimista,0.00295900844921327,-0.000357568726728741,0.00405093287414669,0.023644487861159,0.0102769988483656,-7.04040157470868e-05,-9.38757113187091e-05,-0.000464738531535564,-0.00127608498425365,0.00430392742675107,0.00405093287414669,-0.00792930829004723,-0.000840305925721692,-0.00114839750806552,0.0091725253318404
11,pesszimista,0.00317155430793541,-0.000274806658088485,0.00426882094442869,0.0243455726421144,0.0105356560029403,-9.27577345868252e-05,-0.000111201900255813,-0.000548515708894358,-0.0013772672976836,0.00452138861024214,0.00426882094442869,-0.00802450761908985,-0.000806822895615441,-0.0011398440003977,0.00976635516942674
12,pesszimista,0.00335126879893574,-0.000245865335685649,0.00450679904171144,0.0247386179751196,0.0106709934400007,-0.000116462219914638,-0.000128990912518738,-0.000662081680021613,-0.00150384127249901,0.00475884358951526,0.00450679904171144,-0.00813094495286429,-0.000773222359190057,-0.00112226068266687,0.0104285816860634
13,pesszimista,0.00350691899666552,-0.000263791917123854,0.00477226905897118,0.0248515437085569,0.0107051873967894,-0.000263419920953323,-0.000203412459039435,-0.000806000170290783,-0.00165535073762574,0.00502422122911882,0.00477226905897118,-0.00824606717048834,-0.00073983584482936,-0.000534206707218577,0.0111684175308928
14,pesszimista,0.00366131962850642,-0.000273999991833485,0.00504110669656938,0.0247180045483196,0.0106636951582755,-0.000373128285769381,-0.000265617723318844,-0.00116609844162529,-0.00193008059750626,0.00529112710196812,0.00504110669656938,-0.00828120557957708,-0.000706978327270305,-0.000622162444770431,0.0118753958581631
15,pesszimista,0.00378679999903155,-0.000313493219502189,0.0053025396463671,0.0243188781011693,0.0105338406369188,-0.000488769853374207,-0.00032958146794444,-0.00167494851391349,-0.00230039971636382,0.00554964345261875,0.0053025396463671,-0.00829182079562774,-0.000674830767568286,-0.000707758846982572,0.0125502266257314
16,pesszimista,0.00386961194899462,-0.000401433651620288,0.00555239223506911,0.0236633027871242,0.0103164152199071,-0.000611229224388735,-0.000395457431422473,-0.00233413126534661,-0.00276461916045798,0.00579625804656874,0.00555239223506911,-0.00831215569010619,-0.00064340436664605,-0.000794945504828458,0.0131936309923774
17,pesszimista,0.00390599262599447,-0.000543457372458184,0.0057894905412731,0.0227902852816692,0.010026126329026,-0.000572830312706169,-0.000388474164091767,-0.00314649312315015,-0.00332140463816008,0.00603016330867828,0.0057894905412731,-0.00836223300035121,-0.000612569994793336,-0.000699911841189816,0.0138062009871707
18,pesszimista,0.0039132790651082,-0.000715891283845383,0.00601377833671269,0.0217710239789401,0.0096924011186026,-0.000536744763168526,-0.000381121230275832,-0.00385987054230602,-0.00383807774964336,0.00625131264629805,0.00601377833671269,-0.00842135368258065,-0.000582124203347789,-0.000612236998096375,0.0143883251905185
19,pesszimista,0.00390410997581914,-0.000901234949335564,0.00622542944589508,0.020665298493976,0.00933941206300351,-0.000502908871894412,-0.000373462080239357,-0.00448272905520688,-0.00431599442437096,0.00645976747667583,0.00622542944589508,-0.00847618425488615,-0.00055189132387444,-0.000532858789624863,0.014940216514393
20,pesszimista,0.00388747908794552,-0.00108691114999041,0.00642450867215174,0.0195221289176596,0.00898636329520799,-0.000471332842213488,-0.000365590162854986,-0.00502301408772604,-0.00475655430917308,0.00665542762021366,0.00642450867215174,-0.00851876495444675,-0.00052176420061765,-0.000461953648223916,0.0154619807150106
21,pesszimista,0.00386958173469994,-0.00126418844305227,0.00661090888798644,0.0183806903302423,0.00864793739441225,-0.000442052029401055,-0.000357610515988739,-0.00548828930350424,-0.00516125130493207,0.00683801316036219,0.00661090888798644,-0.0085449300451952,-0.000491711384173145,-0.000399220013319574,0.0159536920991838
22,pesszimista,0.00385449413897006,-0.00142730033991748,0.00678440710499086,0.0172713649751289,0.00833482692513552,-0.000415096611635466,-0.000349627508743792,-0.00588579392301863,-0.00553168922153567,0.00700714974822647,0.00678440710499086,-0.00855311981544387,-0.00046176854425694,-0.00034408055302273,0.0164154606434407
23,pesszimista,0.00384471238043321,-0.00157273746275715,0.00694475495379069,0.0162168460493797,0.00805429673096153,-0.000390474666630097,-0.000341737223250107,-0.00622245107655361,-0.00586957510707611,0.00716247592356168,0.00694475495379069,-0.00854350419185424,-0.000432023666288785,-0.000295821302545502,0.0168474843097295
24,pesszimista,0.00384157487254717,-0.00169868387392548,0.00709176258753536,0.0152332324816432,0.00781074003402097,-0.000368164536200342,-0.000334023197231313,-0.00650485001600368,-0.00617669952158436,0.00730373423331663,0.00709176258753536,-0.00851734486106229,-0.000402600925736917,-0.000253683758556687,0.0172500852354664
25,pesszimista,0.00384558978684244,-0.00180457143240845,0.00722535976833446,0.0143310738210237,0.00760620431915714,-0.000348113308939071,-0.000326554514754979,-0.00673921761022801,-0.00645491031463918,0.00743083262716364,0.00722535976833446,-0.00847653770550199,-0.000373645643001528,-0.000216922948359439,0.0176237308784679
26,pesszimista,0.00385668613200838,-0.0018907298599679,0.00734563097347531,0.0135163393292686,0.00744087252570318,-0.000330239080021106,-0.000319385474096169,-0.006931388959304,-0.00670608435858909,0.00754387537216116,0.00734563097347531,-0.00842329052325988,-0.000345311395507641,-0.000184841564024922,0.0179690422739756
27,pesszimista,0.00387440430578765,-0.00195811390045866,0.00745282753353611,0.0127912964685082,0.00731349194444836,-0.000314435318613768,-0.000312556262574335,-0.00708678291297088,-0.00693210011138365,0.00764316843464332,0.00745282753353611,-0.0083599014590663,-0.000317749650711246,-0.000156807736933663,0.0182867919246868
28,pesszimista,0.00389803915782818,-0.00200809225374998,0.00754736211598965,0.0121552920318162,0.00722174804187529,-0.000300576193364976,-0.000306094227608841,-0.00721038545161526,-0.00713481273728886,0.0077292060882387,0.00754736211598965,-0.00828861172594506,-0.000291101901705606,-0.000132261995384896,0.0185778938263924
29,pesszimista,0.00392674610165968,-0.00204228580386972,0.00762979114342234,0.0116054348686593,0.00716258371539295,-0.000288522096179549,-0.000300015455699298,-0.00730674199294926,-0.00731603270544696,0.00780264534408683,0.00762979114342234,-0.00821151252829409,-0.000265494090103364,-0.000110717366826233,0.0188433879164958
30,pesszimista,0.003959618668107,-0.00206244504780538,0.00770079006696846,0.0111371830753763,0.00713246662367347,-0.000278124888660067,-0.000294326462858457,-0.00737995847949471,-0.00747750823356613,0.00786427377318475,0.00770079006696846,-0.00813049100089145,-0.000241033010236679,-9.17553910944817e-05,0.0190844209267325
31,pesszimista,0.00399574411067668,-0.00207035860365518,0.0077611254061006,0.0107448410980992,0.00712760854586234,-0.00026923259739974,-0.000289025867460059,-0.00743371038628328,-0.00762091158036156,0.00791497500760045,0.0077611254061006,-0.00804720376176492,-0.000217804359951112,-7.50199285606873e-05,0.0193022252866836
32,pesszimista,0.00403424222935639,-0.00206778628462876,0.00781162642958327,0.0104219737790361,0.00714414143832858,-0.000261693423678695,-0.000284105965040051,-0.00747125841501672,-0.00774782896340453,0.00795569497222651,0.00781162642958327,-0.00796306958160214,-0.000195872110025252,-6.02100089071406e-05,0.0194980973967088
33,pesszimista,0.00407429142951557,-0.0020564115230336,0.00785315843508949,0.0101617452334408,0.00717825515457112,-0.000255359026221155,-0.000279554158898978,-0.0074954694982575,-0.0078597537487922,0.00798741084448271,0.00785315843508949,-0.00787927489008024,-0.000175278890438785,-4.70725139240442e-05,0.0196733762871476
34,pesszimista,0.00411514512896523,-0.00203780896854556,0.00788659883915927,0.00995719077698475,0.00722630180387706,-0.000250087095229067,-0.000275354224063129,-0.00750884174320078,-0.00795808249561754,0.00801110390471974,0.00788659883915927,-0.0077967875227144,-0.00015604712736785,-3.53951736018496e-05,0.0198294234145155
35,pesszimista,0.00415614092240236,-0.00201342391555722,0.00791281671864932,0.00980143008516527,0.00728487154336653,-0.000245743271639754,-0.000271487398120736,-0.00751353204078892,-0.00804411341962761,0.0080277368166029,0.00791281671864932,-0.00771637538171997,-0.000138180703750489,-2.50001415267668e-05,0.019967604118266
36,pesszimista,0.00419670436732164,-0.00198456087662361,0.0079326560307026,0.00968782947321984,0.00735084429588427,-0.000242202484742054,-0.000267933302823951,-0.0075113852116419,-0.00811904685084342,0.00803823543543059,0.0079326560307026,-0.00763862763665858,-0.000121666954820491,-1.57382745657792e-05,0.0200892710730865
37,pesszimista,0.00423634883435449,-0.00195237914761358,0.00794692245339606,0.00961012072306547,0.00742142151293145,-0.00023934978928132,-0.000264670706757663,-0.00750396372786773,-0.00818398728801435,0.00804347494800034,0.00794692245339606,-0.00756397680035332,-0.000106478846020969,-7.48415164823861e-06,0.0201957499191074
38,pesszimista,0.00427467253966238,-0.00191789363335493,0.00795637360569999,0.0095624833171906,0.00749414169309807,-0.000237080783859026,-0.000261678143017031,-0.00749257722118195,-0.00823994669074022,0.00804426996628775,0.00795637360569999,-0.00749272054112173,-9.25772130711969e-05,-1.31811387916808e-07,0.0202883271321786
39,pesszimista,0.00431135362508423,-0.00188197954287376,0.00796171229808601,0.00953959631558822,0.00756688294721911,-0.000235301688538575,-0.000258934397576053,-0.00747831115158857,-0.00828784869255564,0.00804136809926094,0.00796171229808601,-0.0074250424788872,-7.99129722183049e-05,6.40884301445363e-06,0.0203682401043969
40,pesszimista,0.00434614395581706,-0.00184537983849217,0.00796358241304582,0.00953666546542714,0.00763785548890309,-0.000233929153025414,-0.000256418884495028,-0.00746205416058777,-0.00832853346166777,0.00803544648841511,0.00796358241304582,-0.00736103149475208,-6.84292328141063e-05,1.22150387598043e-05,0.020436669337211
41,pesszimista,0.00437886215218239,-0.00180871454682838,0.007962567001191,0.00954943048929446,0.0077055865346421,-0.000232889858910127,-0.00025411192375016,-0.00744452376515701,-0.0083627629780844,0.00802711079413469,0.007962567001191,-0.0073006992874566,-5.80632645141869e-05,1.73536010575832e-05,0.0204947326017252
42,pesszimista,0.00440938625143215,-0.00177249122274403,0.00795918819063193,0.00957415687428861,0.00776889972874909,-0.00023211997112375,-0.000251994936586761,-0.00742629016244256,-0.00839122653517108,0.00801689614743842,0.00795918819063193,-0.00724399605571103,-4.87482879322732e-05,2.1882965445838e-05,0.0205434808896575
43,pesszimista,0.00443764630002585,-0.00173711600764172,0.00795390853538986,0.0096076158932395,0.00782689086922128,-0.000231564485520401,-0.000250050572116128,-0.00740779801042853,-0.00841454630946376,0.00800526962451156,0.00795390853538986,-0.00719082428765654,-4.04150708912539e-05,2.58548027047463e-05,0.0205838959605487
44,pesszimista,0.00446361710073141,-0.00170290484747282,0.00794713346572135,0.00964705603889799,0.00787890140347669,-0.000231176511721166,-0.000248262777544355,-0.00738938612789811,-0.00843328287448467,0.00799263385216821,0.00794713346572135,-0.00714105070891652,-3.29933229037761e-05,2.93153181608596e-05,0.0206168892834525
45,pesszimista,0.00448731127806283,-0.00167009453817573,0.00793921454452301,0.00969016854688303,0.00792449088838005,-0.000230916523222709,-0.000246616823039987,-0.00737130511931938,-0.00844794056229464,0.00797933140582223,0.00793921454452301,-0.0070945164872429,-2.64128885907805e-05,3.23062803259025e-05,0.0206433021720433
46,pesszimista,0.00450877277682229,-0.00163885335076208,0.00793045327608332,0.00973504922587355,0.00796340936659209,-0.000230751600390411,-0.000245099290883008,-0.00735373297865193,-0.00845897260067268,0.00796564971421796,0.00793045327608332,-0.00705104582090756,-2.06047467805416e-05,3.48658268675325e-05,0.0206639069188238
47,pesszimista,0.00452807086949242,-0.00160929105783693,0.00792110525415875,0.00978015840452327,0.00799557039979968,-0.000230654686347929,-0.000243698037232849,-0.00733678876231275,-0.00846678597436593,0.007951826234892,0.00792110525415875,-0.00701045305441471,-1.55018263646394e-05,3.7029089266605e-05,0.0206794087451885
48,pesszimista,0.00454529471711079,-0.00158146824032779,0.0079113844743116,0.00982428044302912,0.00802102531705759,-0.000230603870928625,-0.000242402133634039,-0.00732054444744597,-0.00847174597608437,0.00793805370982386,0.0079113844743116,-0.00697254847230433,-1.1039652924526e-05,3.88286713890965e-05,0.020690448398113
49,pesszimista,0.004560548503648,-0.00155540479951702,0.00790146766989131,0.00986648394136808,0.00803993908120153,-0.00023058171372861,-0.00024120179425919,-0.00730503510888518,-0.00847418042714197,0.00792448535134471,0.00790146766989131,-0.00693714292239022,-7.1568419492743e-06,4.02950116868862e-05,0.0206976052400623
50,pesszimista,0.00457394714468484,-0.00153108763671026,0.00789149856161827,0.0099060835033949,0.00805256804579644,-0.000230574613840231,-0.000240088293877009,-0.00729026755830841,-0.0084743835591954,0.00791123984390127,0.00789149856161827,-0.0069040514156827,-3.79545537220118e-06,4.14566538641022e-05,0.0207014006954345
51,pesszimista,0.00458561255644168,-0.00150847749237268,0.00788159193737149,0.00994260368325002,0.00805923976699141,-0.000230572230985211,-0.000239053880629127,-0.00727622759343014,-0.00847261955772447,0.00789840607779776,0.00788159193737149,-0.00687309584295434,-9.01238358562907e-07,4.23404465865803e-05,0.020702301933793
52,pesszimista,0.00459567046020757,-0.00148751495947692,0.00787183750160398,0.00997574554455686,0.0080603349465885,-0.000230566960442582,-0.00023809168690151,-0.00726288600485615,-0.00846912577504394,0.00788604755682531,0.00787183750160398,-0.00684410693852106,1.5762470545737e-06,4.29716891301456e-05,0.0207007256867385
53,pesszimista,0.00460424768932085,-0.00146812570313333,0.00786230345304341,0.0100053561002393,0.00805627151227058,-0.000230553462312805,-0.000237195640879261,-0.00725020348448607,-0.00846411562602115,0.00787420644310576,0.00786230345304341,-0.00681692561116224,3.68357559196832e-06,4.33742367071142e-05,0.0206970421111465
54,pesszimista,0.00461146996053324,-0.00145022493119277,0.00785303976527922,0.0100314007679824,0.00804749078604434,-0.000230528244214109,-0.000236360380771643,-0.00723813457297723,-0.00845778118356539,0.00786290721995053,0.00785303976527922,-0.00679140375081588,5.46348477953033e-06,4.3570576524425e-05,0.020691578626367
55,pesszimista,0.00461746006838415,-0.00143372116919745,0.00784408115781987,0.0100539388699675,0.00803444565043706,-0.000230489295411825,-0.0002355811731799,-0.00722663077553381,-0.00845029549359328,0.00785215996751131,0.00784408115781987,-0.00676740460822466,6.95495971271265e-06,4.35818833567964e-05,0.0206846236666543
56,pesszimista,0.00462233645972335,-0.00141851939848677,0.00783544975556593,0.0100731021222438,0.00801759059188183,-0.00023043576958326,-0.000234853836646459,-0.00721564296578309,-0.00844181463077729,0.00784196325691837,0.00783544975556593,-0.00674480283342169,8.19336417649855e-06,4.34280615130377e-05,0.0206764303024778
57,pesszimista,0.00462621214540294,-0.00140452361904324,0.00782715744271894,0.0100890759958267,0.00799737348024331,-0.000230367712870982,-0.000234174671062531,-0.00720512318726049,-0.00843247951714458,0.00783230667688769,0.00782715744271894,-0.00672348424807919,9.2106070854939e-06,4.31277784861249e-05,0.0206672196953923
58,pesszimista,0.00462919390711408,-0.00139163889931205,0.00781920792325046,0.0101020837854337,0.00797422893094443,-0.000230285833533261,-0.000233540393314325,-0.00719502595146136,-0.00842241752567975,0.00782317301282404,0.00781920792325046,-0.00670334541647732,1.00353345578268e-05,4.26984942654154e-05,0.0206571843608344
59,pesszimista,0.00463138175911385,-0.00137977297420474,0.00781159850448578,0.0101123731900013,0.00794857309019449,-0.000230191309323468,-0.000232948079308664,-0.00718530912085885,-0.00841174389064569,0.00781454010261492,0.00781159850448578,-0.00668429307030033,1.06931392446742e-05,4.21564892144686e-05,0.0206464912215898
60,pesszimista,0.00463286862695245,-0.00136883745019763,0.00780432162338303,0.0101202051893386,0.0079207996830963,-0.000230085628686998,-0.000232395112329505,-0.00717593445498758,-0.00840056294549838,0.00780638239592496,0.00780432162338303,-0.00666624343370614,1.12067797815763e-05,4.15168925466522e-05,0.0206352844418082
61,pesszimista,0.00463374020808516,-0.00135874867319662,0.00779736613695377,0.0101258449912893,0.00789127716778809,-0.000229970461925638,-0.000231879137531146,-0.00716686788784244,-0.00838896920814257,0.00779867224515285,0.00779736613695377,-0.00664912148717862,1.15964043895303e-05,4.07937127332331e-05,0.0206236880374187
62,pesszimista,0.00463407498228193,-0.00134942831094779,0.00779071839919337,0.0101295548216402,0.00786034684527191,-0.000229847558620238,-0.000231398022265483,-0.00715807959557728,-0.00837704833194643,0.00779138095655574,0.00779071839919337,-0.00663286020156771,1.18797737209699e-05,3.9999870628674e-05,0.0206118082636977
63,pesszimista,0.00463394434290199,-0.00134080369746709,0.00778436314705816,0.0101315883330559,0.00782832178335098,-0.000229718667801792,-0.000230949821863846,-0.00714954390490118,-0.00836487793948069,0.00778447962960264,0.00778436314705816,-0.00661739976743654,1.20724790112805e-05,3.91472356722762e-05,0.0205997357846864
64,pesszimista,0.00463341282327852,-0.0013328079824378,0.00777828421760804,0.0101321864180388,0.00779548642343163,-0.000229585477600709,-0.000230532750443544,-0.00714123908471485,-0.00835252835443237,0.00777793981157652,0.00777828421760804,-0.00660268683933727,1.21881524578301e-05,3.8246665203833e-05,0.0205875476322286
65,pesszimista,0.00463253839557774,-0.00132538012394081,0.00777246511756971,0.0101315742230698,0.00776209675024804,-0.000229449571369384,-0.000230145156280615,-0.00713314705643218,-0.00834006324561527,0.00777173399296808,0.00777246511756971,-0.00658867380988582,1.22386675063179e-05,3.73080466958548e-05,0.0205753089647223
66,pesszimista,0.00463137282249448,-0.00131846475836516,0.0077668894653888,0.0101299591756019,0.00772838091635319,-0.00022931239755196,-0.00022978550127924,-0.00712525305209204,-0.00832754019549769,0.00776583596742557,0.0077668894653888,-0.00657531812444948,1.22343273817963e-05,3.63403425407397e-05,0.0205630746373405
67,pesszimista,0.00462996204497705,-0.00131201197699046,0.00776154132442997,0.0101275298515752,0.00769454022509533,-0.000229175250857767,-0.00022945234407126,-0.00711754524376641,-0.00831501120422107,0.00776022107805878,0.00776154132442997,-0.00656258164384521,1.21840407641091e-05,3.53516369245863e-05,0.0205508905965764
68,pesszimista,0.00462834659180498,-0.00130597703461147,0.00775640544443689,0.0101244555278687,0.00766075038745952,-0.000229039262573633,-0.000229144326292961,-0.0071100143628819,-0.00830252313871526,0.00775486636983093,0.00775640544443689,-0.00655043005961041,1.20954839811388e-05,3.43491842585971e-05,0.0205387951125952
69,pesszimista,0.00462656199925361,-0.00130032001173633,0.00775146742674776,0.0101208862810198,0.00762716297936118,-0.000228905398119263,-0.000228860161608142,-0.00710265332384972,-0.00829011813523937,0.0077497506656837,0.00775146742674776,-0.00653883236409438,1.19752494854336e-05,3.33394586142754e-05,0.0205268198631098
70,pesszimista,0.00462463923125944,-0.0012950054483676,0.00774671382713089,0.0101169535101676,0.00759390703656295,-0.00022877446020487,-0.000228598627074048,-0.00709545686279852,-0.00827783396250371,0.00774485458198454,0.00774671382713089,-0.00652776037576618,1.18289806982371e-05,3.23282036114033e-05,0.0205149908824115
71,pesszimista,0.00462260509244509,-0.00129000196418567,0.0077421322085023,0.0101127707781632,0.00756109073422546,-0.00022864709618823,-0.000228358556478129,-0.00708842119916999,-0.00826570435146117,0.00774016049690524,0.0077421322085023,-0.00651718831868856,1.16614935575824e-05,3.13204822309506e-05,0.020503329388854
72,pesszimista,0.00462048262807846,-0.00128528187710295,0.00773771115424573,0.0101084348798817,0.00752880310712337,-0.000228523808447379,-0.000228138835307191,-0.0070815437254176,-0.00825375929689842,0.00773565248346863,0.00773771115424573,-0.00650709245401263,1.14768853017784e-05,3.03207260626035e-05,0.0204918525035522
73,pesszimista,0.00461829150653228,-0.00128082082964038,0.00773344025139831,0.0101040270607918,0.00749711577472006,-0.000228404966784299,-0.00022793839704497,-0.00707482272798674,-0.00824202533510589,0.00773131621725733,0.00773344025139831,-0.00649745076055319,1.12786311638937e-05,2.9332783543531e-05,0.0204805738723883
74,pesszimista,0.00461604838109317,-0.00127659743038402,0.00772931005160906,0.0100996143216786,0.0074660846425885,-0.000228290822053833,-0.000227756220528563,-0.00706825714109953,-0.00823052580115713,0.00772713886717891,0.00772931005160906,-0.00648824266096462,1.10696697539303e-05,2.83599667972622e-05,0.0204695042026344
75,pesszimista,0.00461376722905422,-0.00127259291589122,0.00772531201653287,0.01009525075702,0.0074357515581061,-0.000228181520370985,-0.000227591328127565,-0.00706184633356638,-0.00821928106867822,0.00772310897623301,0.00772531201653287,-0.00647944878970818,1.08524779699912e-05,2.74050967358023e-05,0.0204586517246644
76,pesszimista,0.00461145966693122,-0.00126879083681262,0.00772143845319343,0.0100909788848712,0.00740614590396883,-0.000228077117389487,-0.00022744278454173,-0.00705558992785196,-0.0082083087744285,0.00771921633792832,0.00772143845319343,-0.00647105079884605,1.06291363140276e-05,2.64705461417703e-05,0.0204480225883503
77,pesszimista,0.00460913524138491,-0.00126517677065473,0.00771768244383769,0.0100868309352445,0.00737728611791103,-0.000227977592266045,-0.000227309696043009,-0.00704948764989138,-0.00819762402953917,0.0077154518728497,0.00771768244383769,-0.00646303119768091,1.04013854972954e-05,2.55582804983302e-05,0.020437621202853
78,pesszimista,0.0046068016960288,-0.00126173806250184,0.00771403777390762,0.0100828300719282,0.00734918113113551,-0.000227882861029322,-0.000227191210015662,-0.0070435392076412,-0.0081872396188578,0.00771180750887128,0.00771403777390762,-0.00645537322235323,1.01706752104148e-05,2.46698963814876e-05,0.0204274505276426
79,pesszimista,0.00460446521477027,-0.00125846359412128,0.00771049886096931,0.0100789915295448,0.00732183172141653,-0.000227792789161932,-0.000227086514673706,-0.00703774419602371,-0.00817716618951743,0.00770827606764207,0.00771049886096931,-0.00644806073168459,9.93820590729834e-06,2.38066572708122e-05,0.0204175123217353
80,pesszimista,0.00460213064269109,-0.00125534358116516,0.00770706068675752,0.0100753236534884,0.00729523177970053,-0.000227707203279032,-0.00022699483885814,-0.00703210202574866,-0.0081674124295806,0.0077048511592268,0.00770706068675752,-0.00644107812579301,9.70496441498217e-06,2.29695266701011e-05,0.0204078073573204
