OPTEN,SCENARIO,TSCEN,accscale,rho_acc,konvergalt,GDP_pct,y_E_pct,y_D_pct,y_L_pct,y_KKV_pct,KKV_minus_L_pp,D_minus_L_pp,E_minus_L_pp,acc_E,acc_D,rer_pct,bstar_pct
0,1,3,0,0.85,1,0.467091032055201,-0.220545538482131,0.218340432777047,0.336348666852053,0.0747050240013161,-0.261643642850737,-0.118008234075006,-0.556894205334184,0,0,0.554197585345007,-1
0,1,3,2,0.85,1,0.467257840167055,-0.22026898015556,0.218919618807196,0.336024860121041,0.0751851682375664,-0.260839691883474,-0.117105241313845,-0.556293840276601,0.00953646765203346,0.0103918188340819,0.554139357583846,-1
0,1,3,4,0.85,1,0.467758154946629,-0.219439278146259,0.220656439801118,0.335053740717256,0.0766251139274308,-0.258428626789825,-0.114397300916138,-0.554493018863515,0.0190727906955241,0.0207769391051296,0.553964950235535,-1
0,1,3,6,0.85,1,0.468591648044158,-0.218056351547851,0.22354868678763,0.333436210090979,0.0790234015141995,-0.254412808576779,-0.109887523303349,-0.55149256163883,0.0286088238103983,0.0311486763108335,0.553675190185824,-1
0,1,3,8,0.85,1,0.469757773268805,-0.216120066123266,0.227592685862464,0.331173767606467,0.0823776033944068,-0.24879616421206,-0.103581081744003,-0.547293833729733,0.0381444202570179,0.0415003740085143,0.553271452517181,-1
0,1,3,10,0.85,1,0.471255768170365,-0.213630235211168,0.232783309712394,0.328268505981363,0.0866843313737736,-0.241584174607589,-0.0954851962689684,-0.541898741192531,0.047679431175114,0.0518254176908537,0.55275565593701,-1
0,1,3,12,0.85,1,0.473084656240772,-0.210586620987209,0.239113993654594,0.324723104939132,0.0919392470445494,-0.232783857894583,-0.0856091112845384,-0.535309725926341,0.0572137048931057,0.0621172484780246,0.552130256414805,-1
0,1,3,14,0.85,1,0.4752432497227,-0.206988936072423,0.246576756097886,0.320540823111378,0.0981370750239667,-0.222403748087411,-0.073964067013492,-0.527529759183801,0.0667470862511436,0.0723693765671631,0.55139823906542,-1
0,1,3,16,0.85,1,0.477730153009086,-0.202836845479045,0.255162223307361,0.315725488236811,0.105271618977265,-0.210453869259546,-0.0605632649294499,-0.518562333715856,0.0762794159411129,0.0825753943819412,0.550563108325707,-1
0,1,3,18,0.85,1,0.480543766614161,-0.198129968882021,0.264859658329783,0.310281485713157,0.113335780333193,-0.196945705379964,-0.045421827383374,-0.508411454595178,0.085810529866707,0.0927289893672148,0.549628876481349,-1
0,1,3,20,0.85,1,0.483682291693431,-0.192867883202653,0.275656993914438,0.304213745567273,0.122321579585208,-0.181892165982065,-0.0285567516528352,-0.497081628769927,0.0953402585265304,0.102823956376335,0.548600050609785,-1
0,1,3,25,0.85,1,0.492936548882499,-0.177280501635975,0.307371644022156,0.286352636129767,0.14875821453404,-0.137594421595726,0.0210190078923893,-0.463633137765741,0.119157351663206,0.127765262889302,0.54564800443948,-1
0,1,3,30,0.85,1,0.504172350514829,-0.158211903832176,0.345631628042309,0.264727707079059,0.180737381247023,-0.0839903258320358,0.0809039209632502,-0.422939610911235,0.142961739930294,0.152211169745214,0.54222744195226,-1
0,1,3,35,0.85,1,0.517346774103624,-0.135652848800744,0.390150467674528,0.239456233786808,0.218069382282621,-0.021386851504187,0.15069423388772,-0.375109082587552,0.166750186680009,0.17607648689245,0.538444934208053,-1
0,1,3,40,0.85,1,0.532410860533878,-0.109593421182949,0.440602463122748,0.21067172120134,0.260538355531792,0.0498666343304527,0.229930741921408,-0.320265142384289,0.190519110133656,0.1992829930558,0.534421328181501,-1
0,1,3,45,0.85,1,0.549310390565499,-0.0800234695844698,0.496628339241849,0.178521667730917,0.307905929080508,0.129384261349591,0.318106671510932,-0.258545137315387,0.214264552246885,0.221760129827683,0.530289509930953,-1
0,1,3,50,0.85,1,0.567986707192015,-0.046933068042847,0.557841220409908,0.143165198236975,0.359915089643552,0.216749891406577,0.414676022172933,-0.190098266279822,0.237982157560178,0.243445518496446,0.526192038806768,-1
0,1,3,60,0.85,1,0.610417950522632,0.0298448437369503,0.694179264774867,0.0635130688547583,0.47676072698064,0.413247658125881,0.630666195920109,-0.0336682251178081,0.285314392237332,0.284234286368282,0.518704193610302,-1
0,1,3,80,0.85,1,0.713723592984506,0.225950066827131,1.01042846581184,-0.12653727634361,0.753690080689572,0.880227357033182,1.13696574215545,0.352487343170741,0.379408427320345,0.354518297801834,0.510927489264162,-1
0,1,3,100,0.85,1,0.838023395307618,0.478727349130757,1.3621966055773,-0.34810779295403,1.07306121255843,1.42116900551246,1.71030439853133,0.826835142084787,0.472389533802706,0.409073816048963,0.52072866561349,-1
0,1,3,120,0.85,1,0.979311301398411,0.787370922854782,1.72559773398856,-0.590957397057712,1.41854168670841,2.00949908376613,2.31655513104627,1.37832831991249,0.563781813918621,0.448542145624069,0.556153946869072,-1
0,1,3,140,0.85,1,1.13421113483892,1.15014080048713,2.08231507660003,-0.846903251643586,1.77723985896308,2.62414311060667,2.92921832824361,1.99704405213072,0.653086530830884,0.474648905328772,0.622775951132861,-1
3,1,3,0,0.9673,1,0.467091032055201,-0.220545538482131,0.218340432777047,0.336348666852053,0.0747050240013161,-0.261643642850737,-0.118008234075006,-0.556894205334184,0,0,0.554197585345007,-1
3,1,3,2,0.9673,1,0.467856056661541,-0.219276885246126,0.220996238757336,0.334863727303646,0.0769068527198394,-0.257956874583807,-0.11386748854631,-0.554140612549772,0.0437448678163863,0.0476505242321037,0.553930863870986,-1
3,1,3,4,0.9673,1,0.470148829202458,-0.215470359073703,0.228948175850066,0.330415226335255,0.0835021098750141,-0.246913116460241,-0.101467050485189,-0.545885585408958,0.087486679367956,0.0951603623682755,0.55313649411752,-1
3,1,3,6,0.9673,1,0.473962476396295,-0.209124278081154,0.242150024115699,0.323022028883172,0.0944602524876379,-0.228561776395534,-0.0808720047674729,-0.532146306964326,0.131222310113241,0.142390178381496,0.551831771779817,-1
3,1,3,8,0.9673,1,0.479285643804789,-0.200235897005268,0.260525486388209,0.312715285209036,0.109730851823071,-0.202984433385965,-0.0521897988208274,-0.512951182214304,0.174948500488374,0.189203309317009,0.550045231019332,-1
3,1,3,10,0.9673,1,0.486102644576084,-0.188801492328136,0.283969271805305,0.299538002070759,0.129244294452543,-0.170293707618216,-0.0155687302654535,-0.488339494398895,0.218661792170293,0.235467035090593,0.547816214666359,-1
3,1,3,12,0.9673,1,0.494393662200062,-0.174816478146798,0.312348572511799,0.283544458244965,0.152912737750804,-0.130631720494161,0.0288041142668344,-0.458360936391763,0.262358468724045,0.281053770746181,0.545194288541598,-1
3,1,3,14,0.9673,1,0.504135002069526,-0.158275549651097,0.345504895340683,0.264799479477653,0.180631295161555,-0.0841681843160987,0.0807054158630295,-0.423075029128751,0.306034501861558,0.325842159426293,0.54223851511981,-1
3,1,3,16,0.9673,1,0.515299385531608,-0.139172850405958,0.38325620214158,0.243377591151104,0.21227942130784,-0.0310981698432635,0.139878610990476,-0.382550441557062,0.349685504354255,0.369718047552241,0.539016605000457,-1
3,1,3,18,0.9673,1,0.527856279256573,-0.117502159119534,0.425399306140365,0.219362069436651,0.247722462964398,0.0283603935277467,0.206037236703714,-0.336864228556185,0.393306690428531,0.412575327449564,0.535603967154756,-1
3,1,3,20,0.9673,1,0.541772252169644,-0.0932570912307706,0.471712467451746,0.192843913385896,0.28681333915565,0.0939694257697535,0.27886855406585,-0.286101004616667,0.43689284424176,0.454316636710693,0.532082680616097,-1
3,1,3,25,0.9673,1,0.582267064616011,-0.0213406477433808,0.604149105896086,0.116253564203568,0.399443368341352,0.283189804137784,0.487895541692519,-0.137594211946949,0.545666607255715,0.553233510854028,0.523390161365531,-1
3,1,3,30,0.9673,1,0.630413490308034,0.066791864375065,0.757118970153736,0.0263007281657589,0.531193735535262,0.504893007369503,0.730818241987978,0.0404911362093061,0.654083274992884,0.643544663372807,0.516047857221909,-1
3,1,3,35,0.9673,1,0.685553518202533,0.171196900593836,0.926375946827717,-0.0752527223053736,0.679226440787538,0.754479163092912,1.00162866913309,0.24644962289921,0.76202339278013,0.724530812859523,0.511592462051439,-1
3,1,3,40,0.9673,1,0.747017491070281,0.291881752312434,1.10768452030168,-0.186634915182868,0.840694523505198,1.02732943868807,1.29431943548455,0.478516667495302,0.869351204622658,0.795843056823558,0.511530726867708,-1
3,1,3,45,0.9673,1,0.814152499589336,0.428790189166664,1.29702337739158,-0.306145040549063,1.01287433397252,1.31901937452158,1.60316841794064,0.734935229715728,0.975917685543378,0.857461716862942,0.51725956951839,-1
3,1,3,50,0.9673,1,0.886343454042695,0.581792865005303,1.49073469175076,-0.432213059674604,1.19326282117952,1.62547588085412,1.92294775142536,1.01400592467991,1.08156436775935,0.909640334410023,0.530007995476852,-1
3,1,3,60,0.9673,1,1.04369660507298,0.93517373308803,1.87897311232624,-0.698603931627594,1.57009331548464,2.26869724711224,2.57757704395383,1.63377766471562,1.28944187815345,0.987685112141688,0.580445375959702,-1
3,1,3,80,0.9673,1,1.3981477528826,1.8209388439915,2.600100666781,-1.26077239758282,2.34510225204989,3.60587464963271,3.86087306436382,3.08171124157432,1.68705177084724,1.0580823701228,0.796288317319098,-1
3,1,3,100,0.9673,1,1.78954201326291,2.91681203461162,3.19503942830268,-1.83179176635323,3.10398319036742,4.93577495672065,5.02683119465591,4.74860380096485,2.05309490168461,1.05258398877644,1.16880000195045,-1
3,1,3,120,0.9673,1,2.20537106375677,4.18069125938515,3.65687833945271,-2.3964029510401,3.82830802233969,6.22471097337979,6.05328129049281,6.57709421042525,2.38124209345728,1.00736473879088,1.67801106032082,-1
3,1,3,140,0.9673,1,2.63661703246504,5.56767353249637,4.00550611043192,-2.94974916818174,4.51676090310756,7.4665100712893,6.95525527861366,8.51742270067812,2.66811910875216,0.944898459763415,2.29295123798123,-1
1,1,3,0,0.9673,1,0.416895028578372,-0.27605178901848,0.233364048171301,0.349825817408486,-0.0625117108693655,-0.412337528277852,-0.116461769237186,-0.625877606426967,0,0,0.446206792574008,-1
1,1,3,2,0.9673,1,0.417377546188829,-0.274462674521265,0.236617888180653,0.348599543861591,-0.060224766446171,-0.408824310307762,-0.111981655680938,-0.623062218382856,0.041373099813952,0.0458723749359193,0.446131931999188,-1
1,1,3,4,0.9673,1,0.41882418677646,-0.269699667613428,0.246350912753014,0.34492863229283,-0.0533783968255852,-0.398307029118415,-0.0985777195398152,-0.614628299906257,0.0827056958321191,0.0915371035765195,0.445914386829486,-1
1,1,3,6,0.9673,1,0.421232224183591,-0.261775711515683,0.262478238625748,0.338836649982787,-0.0420157014995886,-0.380852351482375,-0.0763584113570385,-0.60061236149847,0.123957608584328,0.13678948142649,0.445575100980894,-1
1,1,3,8,0.9673,1,0.424597149689378,-0.250712158971272,0.284860380422773,0.330362348841078,-0.0262075527783604,-0.356569901619438,-0.0455019684183045,-0.58107450781235,0.165089298663634,0.181430601136164,0.445148435062284,-1
1,1,3,10,0.9673,1,0.428912723050869,-0.236538451827389,0.313306149554096,0.319558896471087,-0.00605119450812147,-0.325610090979208,-0.00625274691699051,-0.556097348298476,0.206062165711357,0.225270039262626,0.444681370104566,-1
1,1,3,12,0.9673,1,0.434171041496667,-0.21929168894595,0.347576555470874,0.306492841099442,0.018331644244462,-0.28816119685498,0.0410837143714322,-0.525784530045392,0.246838823299688,0.26812830063665,0.444232436548043,-1
1,1,3,14,0.9673,1,0.440362624388442,-0.19901609773023,0.387389563686129,0.291242848750036,0.0467970506334359,-0.2444457981166,0.0961467149360934,-0.490258946480266,0.287383343507503,0.309838958221872,0.443870409015287,-1
1,1,3,16,0.9673,1,0.447476510850674,-0.175762427313759,0.432425538801609,0.273898257944741,0.0791815621194621,-0.194716695825278,0.158527280856869,-0.449660685258499,0.327661466378132,0.350250440575249,0.443672814673519,-1
1,1,3,18,0.9673,1,0.455500367403541,-0.149587283208154,0.482333184297885,0.254557501564011,0.115305042793468,-0.139252458770543,0.227775682733874,-0.404144784772166,0.367640770991924,0.389227434776169,0.443724307565889,-1
1,1,3,20,0.9673,1,0.464420602523218,-0.120552423911548,0.536735784387728,0.233326447210751,0.154973708414859,-0.0783527387958917,0.303409337176977,-0.353878871122299,0.407290806479892,0.426651888947899,0.444114963070437,-1
1,1,3,25,0.9673,1,0.490543692219926,-0.0358973562194802,0.689780423666681,0.172720826153888,0.268296739281788,0.0955759131279001,0.517059597512793,-0.208618182373369,0.504794237449588,0.51280763477776,0.447195235889929,-1
1,1,3,30,0.9673,1,0.521918610913979,0.0650855276474247,0.861997706449849,0.102832340030213,0.399140098620753,0.29630775859054,0.759165366419637,-0.0377468123827878,0.599682345244428,0.587606970698426,0.454473068551187,-1
1,1,3,35,0.9673,1,0.558260833199463,0.181193996121954,1.04702136676439,0.0254969231888785,0.544136863015489,0.518639939826611,1.02152444357552,0.155697072933075,0.691650190635962,0.650633990172171,0.467365074289231,-1
1,1,3,40,0.9673,1,0.599266621039564,0.311198915390656,1.23896560995129,-0.0575533002385677,0.700105890787294,0.757659191025861,1.29651891018986,0.368752215629224,0.780466741247771,0.702037941141375,0.487102598751824,-1
1,1,3,45,0.9673,1,0.644620698889074,0.453883513637686,1.43271146002289,-0.144768219389511,0.86419466006513,1.00896287945464,1.57747967941241,0.598651733027197,0.865964361908951,0.742404999443192,0.514658137400482,-1
1,1,3,50,0.9673,1,0.694001945931113,0.608068334414573,1.62404924239923,-0.234820249407547,1.03395348884142,1.26877373824897,1.85886949180677,0.84288858382212,0.948027158661127,0.772622681362784,0.550712329175266,-1
1,1,3,60,0.9673,1,0.803555132596663,0.946477508174867,1.9872741261268,-0.419273929441607,1.38276506523405,1.80203899467566,2.40654805556841,1.36575143761647,1.10157912489554,0.806942418390281,0.649603757541981,-1
1,1,3,80,0.9673,1,1.05694479231341,1.71521873001597,2.59295330123157,-0.787244632957672,2.08315293081651,2.87039756377418,3.38019793418924,2.50246336297364,1.36591103447354,0.801934473779502,0.950677994023033,-1
1,1,3,100,0.9673,1,1.34006391321517,2.55960130593462,3.0256176246235,-1.13731705689685,2.75494890576692,3.89226596266377,4.16293468152035,3.69691836283147,1.57456071457179,0.745611400302963,1.36239578054539,-1
1,1,3,120,0.9673,1,1.63597586246629,3.43252056221602,3.31653667470504,-1.4628495165246,3.38390171962219,4.84675123614679,4.77938619122963,4.89537007874061,1.73146817975711,0.672450168910595,1.84249100365532,-1
1,1,3,140,0.9673,1,1.93113989017503,4.29720516665054,3.50561395859888,-1.76226109564615,3.96538107307308,5.72764216871923,5.26787505424504,6.05946626229669,1.84245625486495,0.598841750408849,2.35257303791172,-1
