OPTEN,accscale,lamscale,omscale,rho_acc,lambda_acc_E,omega_acc_E,konvergalt,GDP_pct,y_E_pct,y_D_pct,y_L_pct,y_KKV_pct,KKV_minus_L_pp,D_minus_L_pp,E_minus_L_pp
1,100,0,0,0.9673,0,0,1,0.416895028578372,-0.27605178901848,0.233364048171301,0.349825817408486,-0.0625117108693655,-0.412337528277852,-0.116461769237186,-0.625877606426967
1,100,0,5,0.9673,0,0.0175,1,0.416895028578372,-0.27605178901848,0.233364048171301,0.349825817408486,-0.0625117108693655,-0.412337528277852,-0.116461769237186,-0.625877606426967
1,100,0,10,0.9673,0,0.035,1,0.416895028578372,-0.27605178901848,0.233364048171301,0.349825817408486,-0.0625117108693655,-0.412337528277852,-0.116461769237186,-0.625877606426967
1,100,0,15,0.9673,0,0.0525,1,0.416895028578372,-0.27605178901848,0.233364048171301,0.349825817408486,-0.0625117108693655,-0.412337528277852,-0.116461769237186,-0.625877606426967
1,100,0,20,0.9673,0,0.07,1,0.416895028578372,-0.27605178901848,0.233364048171301,0.349825817408486,-0.0625117108693655,-0.412337528277852,-0.116461769237186,-0.625877606426967
1,100,0,30,0.9673,0,0.105,1,0.416895028578372,-0.27605178901848,0.233364048171301,0.349825817408486,-0.0625117108693655,-0.412337528277852,-0.116461769237186,-0.625877606426967
1,100,0,40,0.9673,0,0.14,1,0.416895028578372,-0.27605178901848,0.233364048171301,0.349825817408486,-0.0625117108693655,-0.412337528277852,-0.116461769237186,-0.625877606426967
1,100,0,60,0.9673,0,0.21,1,0.416895028578372,-0.27605178901848,0.233364048171301,0.349825817408486,-0.0625117108693655,-0.412337528277852,-0.116461769237186,-0.625877606426967
1,100,0,80,0.9673,0,0.28,1,0.416895028578372,-0.27605178901848,0.233364048171301,0.349825817408486,-0.0625117108693655,-0.412337528277852,-0.116461769237186,-0.625877606426967
1,100,0,100,0.9673,0,0.35,1,0.416895028578372,-0.27605178901848,0.233364048171301,0.349825817408486,-0.0625117108693655,-0.412337528277852,-0.116461769237186,-0.625877606426967
1,100,0,140,0.9673,0,0.49,1,0.416895028578372,-0.27605178901848,0.233364048171301,0.349825817408486,-0.0625117108693655,-0.412337528277852,-0.116461769237186,-0.625877606426967
1,100,5,0,0.9673,0.1,0,1,0.416895028578372,-0.27605178901848,0.233364048171301,0.349825817408486,-0.0625117108693655,-0.412337528277852,-0.116461769237186,-0.625877606426967
1,100,5,5,0.9673,0.1,0.0175,1,0.419908271399404,-0.26613166758812,0.253622754891118,0.342183201246595,-0.048257797378592,-0.390440998625187,-0.0885604463554775,-0.608314868834715
1,100,5,10,0.9673,0.1,0.035,1,0.422915606598275,-0.256239581178682,0.273697738447532,0.33459160065143,-0.0340971812262524,-0.368688781877682,-0.0608938622038978,-0.590831181830112
1,100,5,15,0.9673,0.1,0.0525,1,0.425917076569575,-0.246375263291302,0.293591412696531,0.327050375436673,-0.0200286957710557,-0.347079071207729,-0.033458962740142,-0.573425638727975
1,100,5,20,0.9673,0.1,0.07,1,0.428912723050869,-0.236538451827389,0.313306149554096,0.319558896471087,-0.00605119450812147,-0.325610090979208,-0.00625274691699051,-0.556097348298476
1,100,5,30,0.9673,0.1,0.105,1,0.43488670929209,-0.216946321212683,0.352208094474264,0.304722714611549,0.0216353433762532,-0.283087371235296,0.0474853798627152,-0.521669035824232
1,100,5,40,0.9673,0.1,0.14,1,0.44083788660416,-0.197461177022395,0.390421743602204,0.290078234204723,0.0489712179836882,-0.241107016221034,0.100343509397481,-0.487539411227118
1,100,5,60,0.9673,0.1,0.21,1,0.452673051695581,-0.158804119007713,0.464853784882348,0.261345898608598,0.102624654525652,-0.158721244082946,0.203507886273749,-0.420150017616311
1,100,5,80,0.9673,0.1,0.28,1,0.464420602523218,-0.120552423911548,0.536735784387729,0.233326447210751,0.154973708414859,-0.0783527387958917,0.303409337176978,-0.353878871122299
1,100,5,100,0.9673,0.1,0.35,1,0.476082786851897,-0.0826921496780057,0.606192576271461,0.205986725121139,0.206078806141684,9.20810205452816e-05,0.400205851150322,-0.288678874799145
1,100,5,140,0.9673,0.1,0.49,1,0.4991594280696,-0.00809422793005787,0.738290583554546,0.153224208905242,0.304779969018705,0.151555760113464,0.585066374649304,-0.1613184368353
1,100,10,0,0.9673,0.2,0,1,0.416895028578372,-0.27605178901848,0.233364048171301,0.349825817408486,-0.0625117108693655,-0.412337528277852,-0.116461769237186,-0.625877606426967
1,100,10,5,0.9673,0.2,0.0175,1,0.422915606598275,-0.256239581178682,0.273697738447532,0.33459160065143,-0.0340971812262523,-0.368688781877682,-0.060893862203898,-0.590831181830112
1,100,10,10,0.9673,0.2,0.035,1,0.428912723050869,-0.236538451827389,0.313306149554096,0.319558896471087,-0.00605119450812147,-0.325610090979208,-0.00625274691699051,-0.556097348298476
1,100,10,15,0.9673,0.2,0.0525,1,0.43488670929209,-0.216946321212683,0.352208094474264,0.304722714611549,0.0216353433762532,-0.283087371235296,0.0474853798627152,-0.521669035824232
1,100,10,20,0.9673,0.2,0.07,1,0.44083788660416,-0.197461177022395,0.390421743602204,0.290078234204723,0.0489712179836882,-0.241107016221034,0.100343509397481,-0.487539411227118
1,100,10,30,0.9673,0.2,0.105,1,0.452673051695581,-0.158804119007713,0.464853784882348,0.261345898608598,0.102624654525652,-0.158721244082946,0.203507886273749,-0.420150017616311
1,100,10,40,0.9673,0.2,0.14,1,0.464420602523218,-0.120552423911548,0.536735784387729,0.233326447210751,0.154973708414859,-0.0783527387958917,0.303409337176978,-0.353878871122299
1,100,10,60,0.9673,0.2,0.21,1,0.487661726708297,-0.0452101938113079,0.673341011076643,0.179295682442092,0.255996539949406,0.0767008575073144,0.494045328634551,-0.2245058762534
1,100,10,80,0.9673,0.2,0.28,1,0.510577789654741,0.0286673616063948,0.801144002160184,0.12774498386798,0.352478892677363,0.224733908809382,0.673399018292204,-0.0990776222615853
1,100,10,100,0.9673,0.2,0.35,1,0.533183599301029,0.101170611346529,0.920942337857332,0.07846213942911,0.444807588770017,0.366345449340907,0.842480198428222,0.0227084719174192
1,100,10,140,0.9673,0.2,0.49,1,0.577516508830516,0.242367935789306,1.13926303112658,-0.0140295221073782,0.618333963477855,0.632363485585233,1.15329255323395,0.256397457896684
1,100,15,0,0.9673,0.3,0,1,0.416895028578372,-0.27605178901848,0.233364048171301,0.349825817408486,-0.0625117108693655,-0.412337528277852,-0.116461769237186,-0.625877606426967
1,100,15,5,0.9673,0.3,0.0175,1,0.425917076569575,-0.246375263291302,0.293591412696531,0.327050375436673,-0.0200286957710557,-0.347079071207728,-0.0334589627401419,-0.573425638727975
1,100,15,10,0.9673,0.3,0.035,1,0.43488670929209,-0.216946321212683,0.352208094474264,0.304722714611549,0.0216353433762533,-0.283087371235296,0.0474853798627155,-0.521669035824232
1,100,15,15,0.9673,0.3,0.0525,1,0.443805019661538,-0.187758113729189,0.409275966503974,0.282826420071939,0.0625103209036715,-0.220316099168267,0.126449546432035,-0.470584533801128
1,100,15,20,0.9673,0.3,0.07,1,0.452673051695581,-0.158804119007713,0.464853784882348,0.261345898608598,0.102624654525652,-0.158721244082946,0.203507886273749,-0.420150017616311
1,100,15,30,0.9673,0.3,0.105,1,0.470262230044443,-0.101574196971836,0.571759848665836,0.219573607939636,0.180678128592126,-0.0388954793475099,0.352186240726201,-0.321147804911472
1,100,15,40,0.9673,0.3,0.14,1,0.487661726708297,-0.0452101938113078,0.673341011076644,0.179295682442092,0.255996539949407,0.0767008575073145,0.494045328634552,-0.2245058762534
1,100,15,60,0.9673,0.3,0.21,1,0.521918610913979,0.0650855276474248,0.861997706449849,0.102832340030213,0.399140098620753,0.296307758590541,0.759165366419637,-0.0377468123827877
1,100,15,80,0.9673,0.3,0.28,1,0.555492486486918,0.172380102409794,1.03344049352138,0.0312594946621031,0.533324717369958,0.502065222707855,1.00218099885927,0.141120607747691
1,100,15,100,0.9673,0.3,0.35,1,0.588425158040772,0.276924239636343,1.18984701497123,-0.0360034325732115,0.659608849256148,0.69561228182936,1.22585044754444,0.312927672209555
1,100,15,140,0.9673,0.3,0.49,1,0.652507096371694,0.478585436998366,1.46457620177003,-0.1594770122728,0.891899137893786,1.05137615016659,1.62405321404283,0.638062449271166
1,100,20,0,0.9673,0.4,0,1,0.416895028578372,-0.27605178901848,0.233364048171301,0.349825817408486,-0.0625117108693655,-0.412337528277852,-0.116461769237186,-0.625877606426967
1,100,20,5,0.9673,0.4,0.0175,1,0.428912723050869,-0.236538451827389,0.313306149554096,0.319558896471087,-0.00605119450812147,-0.325610090979208,-0.00625274691699085,-0.556097348298476
1,100,20,10,0.9673,0.4,0.035,1,0.44083788660416,-0.197461177022395,0.390421743602204,0.290078234204723,0.0489712179836882,-0.241107016221034,0.100343509397481,-0.487539411227118
1,100,20,15,0.9673,0.4,0.0525,1,0.452673051695581,-0.158804119007713,0.464853784882348,0.261345898608598,0.102624654525652,-0.158721244082946,0.203507886273749,-0.420150017616311
1,100,20,20,0.9673,0.4,0.07,1,0.464420602523218,-0.120552423911548,0.536735784387728,0.233326447210751,0.154973708414859,-0.0783527387958917,0.303409337176977,-0.353878871122299
1,100,20,30,0.9673,0.4,0.105,1,0.487661726708297,-0.0452101938113079,0.673341011076644,0.179295682442092,0.255996539949406,0.0767008575073145,0.494045328634552,-0.2245058762534
1,100,20,40,0.9673,0.4,0.14,1,0.510577789654741,0.0286673616063948,0.801144002160184,0.12774498386798,0.352478892677362,0.224733908809382,0.673399018292204,-0.0990776222615853
1,100,20,60,0.9673,0.4,0.21,1,0.555492486486918,0.172380102409794,1.03344049352138,0.0312594946621031,0.533324717369958,0.502065222707855,1.00218099885927,0.141120607747691
1,100,20,80,0.9673,0.4,0.28,1,0.599266621039564,0.311198915390657,1.23896560995129,-0.0575533002385677,0.700105890787294,0.757659191025861,1.29651891018986,0.368752215629225
1,100,20,100,0.9673,0.4,0.35,1,0.641984255293548,0.44561867940395,1.42194300250473,-0.139822008819076,0.854880341553949,0.994702350373024,1.56176501132381,0.585440688223026
1,100,20,140,0.9673,0.4,0.49,1,0.724521486482381,0.70281482530824,1.7331501540464,-0.288185650095757,1.13471715451787,1.42290280461363,2.02133580414216,0.991000475403997
1,100,30,0,0.9673,0.6,0,1,0.416895028578372,-0.27605178901848,0.233364048171301,0.349825817408486,-0.0625117108693655,-0.412337528277852,-0.116461769237186,-0.625877606426967
1,100,30,5,0.9673,0.6,0.0175,1,0.43488670929209,-0.216946321212683,0.352208094474264,0.304722714611549,0.0216353433762532,-0.283087371235296,0.0474853798627152,-0.521669035824232
1,100,30,10,0.9673,0.6,0.035,1,0.452673051695581,-0.158804119007713,0.464853784882348,0.261345898608598,0.102624654525652,-0.158721244082946,0.20350788627375,-0.420150017616311
1,100,30,15,0.9673,0.6,0.0525,1,0.470262230044443,-0.101574196971836,0.571759848665836,0.219573607939636,0.180678128592126,-0.0388954793475099,0.352186240726201,-0.321147804911472
1,100,30,20,0.9673,0.6,0.07,1,0.487661726708297,-0.0452101938113079,0.673341011076644,0.179295682442092,0.255996539949407,0.0767008575073145,0.494045328634552,-0.2245058762534
1,100,30,30,0.9673,0.6,0.105,1,0.521918610913979,0.0650855276474247,0.861997706449849,0.102832340030213,0.399140098620753,0.29630775859054,0.759165366419637,-0.0377468123827878
1,100,30,40,0.9673,0.6,0.14,1,0.555492486486918,0.172380102409794,1.03344049352138,0.0312594946621031,0.533324717369958,0.502065222707855,1.00218099885927,0.141120607747691
1,100,30,60,0.9673,0.6,0.21,1,0.620752817952976,0.378931512485032,1.33304422578891,-0.0994444807138758,0.778882374802,0.878326855515876,1.43248870650278,0.478375993198908
1,100,30,80,0.9673,0.6,0.28,1,0.68371587800931,0.576044973642153,1.58575680208321,-0.216453587695998,0.999302216571299,1.2157558042673,1.80221038977921,0.792498561338151
1,100,30,100,0.9673,0.6,0.35,1,0.744593482923752,0.764918974228389,1.80140756963178,-0.322408165071098,1.1994006677778,1.5218088328489,2.12381573470287,1.08732713929949
1,100,30,140,0.9673,0.6,0.49,1,0.860740147995264,1.12145147857246,2.14885903288934,-0.508546685188439,1.55212652521041,2.06067321039884,2.65740571807778,1.6299981637609
1,100,40,0,0.9673,0.8,0,1,0.416895028578372,-0.27605178901848,0.233364048171301,0.349825817408486,-0.0625117108693655,-0.412337528277852,-0.116461769237186,-0.625877606426967
1,100,40,5,0.9673,0.8,0.0175,1,0.44083788660416,-0.197461177022395,0.390421743602204,0.290078234204723,0.0489712179836883,-0.241107016221034,0.100343509397481,-0.487539411227117
1,100,40,10,0.9673,0.8,0.035,1,0.464420602523218,-0.120552423911548,0.536735784387729,0.233326447210751,0.154973708414859,-0.0783527387958917,0.303409337176978,-0.353878871122299
1,100,40,15,0.9673,0.8,0.0525,1,0.487661726708297,-0.0452101938113079,0.673341011076644,0.179295682442092,0.255996539949407,0.0767008575073145,0.494045328634552,-0.2245058762534
1,100,40,20,0.9673,0.8,0.07,1,0.510577789654741,0.028667361606395,0.801144002160184,0.12774498386798,0.352478892677363,0.224733908809382,0.673399018292204,-0.0990776222615851
1,100,40,30,0.9673,0.8,0.105,1,0.555492486486918,0.172380102409794,1.03344049352138,0.0312594946621032,0.533324717369958,0.502065222707855,1.00218099885927,0.141120607747691
1,100,40,40,0.9673,0.8,0.14,1,0.599266621039564,0.311198915390656,1.23896560995129,-0.0575533002385677,0.700105890787294,0.757659191025861,1.29651891018986,0.368752215629224
1,100,40,60,0.9673,0.8,0.21,1,0.68371587800931,0.576044973642153,1.58575680208321,-0.216453587695998,0.999302216571299,1.2157558042673,1.80221038977921,0.792498561338151
1,100,40,80,0.9673,0.8,0.28,1,0.764452839620819,0.826211854278797,1.86636996471261,-0.355624607598749,1.26223175781141,1.61785636541015,2.22199457231136,1.18183646187755
1,100,40,100,0.9673,0.8,0.35,1,0.841868260436843,1.06381952028884,2.09741209636932,-0.479555383954636,1.4970872425649,1.97664262651954,2.57696748032396,1.54337490424347
1,100,40,140,0.9673,0.8,0.49,1,0.987889985787738,1.50724897329843,2.45356556697479,-0.693387796278212,1.90393181002023,2.59731960629844,3.146953363253,2.20063676957664
1,100,60,0,0.9673,1.2,0,1,0.416895028578372,-0.27605178901848,0.233364048171301,0.349825817408486,-0.0625117108693655,-0.412337528277852,-0.116461769237186,-0.625877606426967
1,100,60,5,0.9673,1.2,0.0175,1,0.452673051695581,-0.158804119007713,0.464853784882348,0.261345898608598,0.102624654525652,-0.158721244082946,0.203507886273749,-0.420150017616311
1,100,60,10,0.9673,1.2,0.035,1,0.487661726708297,-0.0452101938113079,0.673341011076644,0.179295682442092,0.255996539949407,0.0767008575073145,0.494045328634552,-0.2245058762534
1,100,60,15,0.9673,1.2,0.0525,1,0.521918610913979,0.0650855276474247,0.861997706449849,0.102832340030213,0.399140098620753,0.29630775859054,0.759165366419637,-0.0377468123827878
1,100,60,20,0.9673,1.2,0.07,1,0.555492486486918,0.172380102409794,1.03344049352138,0.031259494662103,0.533324717369958,0.502065222707855,1.00218099885927,0.141120607747691
1,100,60,30,0.9673,1.2,0.105,1,0.620752817952976,0.378931512485032,1.33304422578891,-0.0994444807138758,0.778882374802,0.878326855515876,1.43248870650278,0.478375993198908
1,100,60,40,0.9673,1.2,0.14,1,0.68371587800931,0.576044973642153,1.58575680208321,-0.216453587695998,0.999302216571298,1.2157558042673,1.80221038977921,0.792498561338151
1,100,60,60,0.9673,1.2,0.21,1,0.803555132596663,0.946477508174867,1.9872741261268,-0.419273929441607,1.38276506523405,1.80203899467566,2.40654805556841,1.36575143761647
1,100,60,80,0.9673,1.2,0.28,1,0.916265682443263,1.29043222996196,2.29039916237334,-0.591386612050949,1.70960454716282,2.30099115921377,2.88178577442428,1.88181884201291
1,100,60,100,0.9673,1.2,0.35,1,1.02272712830013,1.61228798925965,2.52591920035743,-0.741246272074317,1.99526956535974,2.73651583743406,3.26716547243175,2.35353426133397
1,100,60,140,0.9673,1.2,0.49,1,1.21942363849103,2.20119112722389,2.8645812957149,-0.993983887905577,2.47927511692551,3.47325900483109,3.85856518362047,3.19517501512947
1,100,80,0,0.9673,1.6,0,1,0.416895028578372,-0.27605178901848,0.233364048171301,0.349825817408486,-0.0625117108693655,-0.412337528277852,-0.116461769237186,-0.625877606426967
1,100,80,5,0.9673,1.6,0.0175,1,0.464420602523218,-0.120552423911548,0.536735784387729,0.233326447210751,0.154973708414859,-0.0783527387958917,0.303409337176978,-0.353878871122299
1,100,80,10,0.9673,1.6,0.035,1,0.510577789654741,0.0286673616063949,0.801144002160184,0.12774498386798,0.352478892677363,0.224733908809383,0.673399018292204,-0.0990776222615851
1,100,80,15,0.9673,1.6,0.0525,1,0.555492486486918,0.172380102409794,1.03344049352138,0.031259494662103,0.533324717369958,0.502065222707855,1.00218099885927,0.141120607747691
1,100,80,20,0.9673,1.6,0.07,1,0.599266621039564,0.311198915390657,1.23896560995129,-0.0575533002385678,0.700105890787294,0.757659191025862,1.29651891018986,0.368752215629224
1,100,80,30,0.9673,1.6,0.105,1,0.68371587800931,0.576044973642153,1.58575680208321,-0.216453587695998,0.999302216571299,1.2157558042673,1.80221038977921,0.792498561338151
1,100,80,40,0.9673,1.6,0.14,1,0.764452839620819,0.826211854278798,1.86636996471261,-0.355624607598749,1.26223175781141,1.61785636541015,2.22199457231136,1.18183646187755
1,100,80,60,0.9673,1.6,0.21,1,0.916265682443263,1.29043222996196,2.29039916237334,-0.591386612050949,1.70960454716282,2.30099115921377,2.88178577442429,1.88181884201291
1,100,80,80,0.9673,1.6,0.28,1,1.05694479231341,1.71521873001597,2.59295330123157,-0.787244632957672,2.08315293081651,2.87039756377418,3.38019793418924,2.50246336297364
1,100,80,100,0.9673,1.6,0.35,1,1.18801689751731,2.10757455301438,2.81745393740991,-0.955367274345274,2.4051461794807,3.36051345382597,3.77282121175518,3.06294182735965
1,100,80,140,0.9673,1.6,0.49,1,1.42567420600348,2.81294651496028,3.12321633102888,-1.2348579409325,2.94300733351689,4.17786527444938,4.35807427196138,4.04780445589278
1,100,100,0,0.9673,2,0,1,0.416895028578372,-0.27605178901848,0.233364048171301,0.349825817408486,-0.0625117108693655,-0.412337528277852,-0.116461769237186,-0.625877606426967
1,100,100,5,0.9673,2,0.0175,1,0.476082786851897,-0.0826921496780057,0.606192576271461,0.205986725121139,0.206078806141684,9.20810205452816e-05,0.400205851150322,-0.288678874799145
1,100,100,10,0.9673,2,0.035,1,0.533183599301029,0.101170611346529,0.920942337857332,0.0784621394291101,0.444807588770017,0.366345449340907,0.842480198428222,0.0227084719174192
1,100,100,15,0.9673,2,0.0525,1,0.588425158040772,0.276924239636343,1.18984701497123,-0.0360034325732116,0.659608849256148,0.69561228182936,1.22585044754444,0.312927672209555
1,100,100,20,0.9673,2,0.07,1,0.641984255293548,0.44561867940395,1.42194300250473,-0.139822008819076,0.854880341553949,0.994702350373024,1.56176501132381,0.585440688223026
1,100,100,30,0.9673,2,0.105,1,0.744593482923752,0.764918974228389,1.80140756963178,-0.322408165071099,1.1994006677778,1.5218088328489,2.12381573470287,1.08732713929949
1,100,100,40,0.9673,2,0.14,1,0.841868260436843,1.06381952028884,2.09741209636932,-0.479555383954636,1.4970872425649,1.97664262651954,2.57696748032396,1.54337490424347
1,100,100,60,0.9673,2,0.21,1,1.02272712830013,1.61228798925965,2.52591920035743,-0.741246272074317,1.99526956535974,2.73651583743406,3.26716547243175,2.35353426133397
1,100,100,80,0.9673,2,0.28,1,1.18801689751731,2.10757455301438,2.81745393740991,-0.955367274345274,2.4051461794807,3.36051345382597,3.77282121175518,3.06294182735965
1,100,100,100,0.9673,2,0.35,1,1.34006391321517,2.55960130593462,3.0256176246235,-1.13731705689685,2.75494890576692,3.89226596266377,4.16293468152035,3.69691836283147
1,100,100,140,0.9673,2,0.49,1,1.61100844589875,3.35914077117542,3.29655778749405,-1.43652566900591,3.33290684939582,4.76943251840173,4.73308345649996,4.79566644018133
1,100,140,0,0.9673,2.8,0,1,0.416895028578372,-0.27605178901848,0.233364048171301,0.349825817408486,-0.0625117108693655,-0.412337528277852,-0.116461769237186,-0.625877606426967
1,100,140,5,0.9673,2.8,0.0175,1,0.4991594280696,-0.0080942279300578,0.738290583554546,0.153224208905242,0.304779969018705,0.151555760113464,0.585066374649304,-0.161318436835299
1,100,140,10,0.9673,2.8,0.035,1,0.577516508830516,0.242367935789306,1.13926303112658,-0.0140295221073781,0.618333963477855,0.632363485585233,1.15329255323395,0.256397457896684
1,100,140,15,0.9673,2.8,0.0525,1,0.652507096371695,0.478585436998366,1.46457620177003,-0.1594770122728,0.891899137893786,1.05137615016659,1.62405321404283,0.638062449271166
1,100,140,20,0.9673,2.8,0.07,1,0.724521486482381,0.70281482530824,1.7331501540464,-0.288185650095757,1.13471715451787,1.42290280461363,2.02133580414216,0.991000475403997
1,100,140,30,0.9673,2.8,0.105,1,0.860740147995264,1.12145147857246,2.14885903288934,-0.508546685188439,1.55212652521041,2.06067321039885,2.65740571807778,1.6299981637609
1,100,140,40,0.9673,2.8,0.14,1,0.987889985787739,1.50724897329843,2.45356556697479,-0.693387796278212,1.90393181002023,2.59731960629844,3.146953363253,2.20063676957664
1,100,140,60,0.9673,2.8,0.21,1,1.21942363849103,2.2011911272239,2.8645812957149,-0.993983887905577,2.47927511692551,3.47325900483109,3.85856518362047,3.19517501512947
1,100,140,80,0.9673,2.8,0.28,1,1.42567420600348,2.81294651496028,3.12321633102888,-1.2348579409325,2.94300733351689,4.17786527444938,4.35807427196138,4.04780445589278
1,100,140,100,0.9673,2.8,0.35,1,1.61100844589875,3.35914077117542,3.29655778749405,-1.43652566900591,3.33290684939582,4.76943251840173,4.73308345649996,4.79566644018133
1,100,140,140,0.9673,2.8,0.49,1,1.93113989017503,4.29720516665054,3.50561395859888,-1.76226109564615,3.96538107307308,5.72764216871923,5.26787505424504,6.05946626229669
