EXTCLOSE,sulyok,rezsim,abs_z,periodus_nev,bstar_reszvetel,D_beruhazasi_blokk_reszvetel,top6
0,regi,zaro,0.994050272943863,27.9555479288814,0.133932578432991,0.644525838768949,q_D 0.223; i_D 0.162; k_D 0.136; bstar 0.134; acc_D 0.076; q_E 0.049
0,regi,kezdeti,0.944931770739495,29.6710813443173,0.00485651808158132,0.88124851071156,k_D 0.350; q_D 0.194; i_D 0.176; acc_D 0.085; nw_D 0.076; r 0.042
0,friss,zaro,NaN,NaN,NaN,NaN,nincs stabil megoldas (info 3)
0,friss,kezdeti,0.946385408218586,30.2970573495701,0.0105558346594636,0.814027414669572,k_D 0.339; q_D 0.201; i_D 0.140; nw_D 0.068; acc_D 0.068; r 0.058
1,regi,zaro,0.951194330917527,33.9544421694748,0.0249708094943288,0.262047942542234,k_E 0.221; q_E 0.161; i_E 0.134; k_D 0.102; q_D 0.084; acc_E 0.060
1,regi,kezdeti,0.944931770739495,29.6710813443173,0.00485651808158132,0.88124851071156,k_D 0.350; q_D 0.194; i_D 0.176; acc_D 0.085; nw_D 0.076; r 0.042
1,friss,zaro,0.963642601416574,34.3868482251638,0.0558473686745284,0.462332967535467,k_D 0.173; q_D 0.167; k_E 0.116; q_E 0.113; i_D 0.070; i_E 0.064
1,friss,kezdeti,0.946385408218586,30.2970573495701,0.0105558346594636,0.814027414669572,k_D 0.339; q_D 0.201; i_D 0.140; nw_D 0.068; acc_D 0.068; r 0.058
2,regi,zaro,0.951280968831991,33.9649329855421,0.0251436643119182,0.264376175165896,k_E 0.220; q_E 0.161; i_E 0.133; k_D 0.103; q_D 0.084; acc_E 0.060
2,regi,kezdeti,0.944926302702966,29.6715500350444,0.00486002107476596,0.881329981600474,k_D 0.350; q_D 0.194; i_D 0.176; acc_D 0.085; nw_D 0.076; r 0.042
2,friss,zaro,0.963866767904435,34.4278698902364,0.0562301893418019,0.463179822126118,k_D 0.173; q_D 0.168; k_E 0.115; q_E 0.113; i_D 0.070; i_E 0.064
2,friss,kezdeti,0.946374635707646,30.2979417557522,0.0105628845599058,0.814240932636644,k_D 0.339; q_D 0.201; i_D 0.140; nw_D 0.068; acc_D 0.068; r 0.058
