SOVCSAT,EXTCLOSE,sulyok,SCENARIO,TSCEN,solver_ok,instabil_zaro,instabil_kezdeti,eloretekinto,ervenyes,ciklus_abs_z,GDP_fix_pct,GDP_q4_pct,GDP_q40_pct,GDP_q80_pct,GDP_1620_pct,KKV_L_fix_pp,KKV_L_1620_pp,bstar_fix,rer_fix_pct,c_o_fix_pct,q_D_fix_pct,q_E_fix_pct
0,0,regi,1,1,1,13,13,13,1,0.994050272943864,0.868389729986565,-0.85308326156281,0.662829163548916,1.32667803215041,0.961517817386764,2.49224566651659,2.34977917441311,-0.01,0.288664835490241,-0.126038893399195,-3.99939182087127,-3.45008176124336
0,0,regi,1,2,1,13,13,13,1,0.994050272943864,0.807657060628672,-0.573406976016753,0.581477455237247,1.13080539609353,0.835681156931011,0.35009234450833,0.235507627485298,-0.01,0.752792495736739,-0.209239596171489,-1.86181781547828,-1.81422720345399
0,0,regi,1,3,1,13,13,13,1,0.994050272943864,0.838023395307618,-0.713245118789779,0.622153309393082,1.22874171412197,0.898599487158887,1.42116900551246,1.2926434009492,-0.01,0.52072866561349,-0.167639244785342,-2.93060481817477,-2.63215448234868
0,0,regi,2,1,1,13,13,13,1,0.994050272943864,1.18060299091497,-1.09632448728943,0.895512240009956,1.81776186457967,1.30659309340544,3.37437062686209,3.18185083360531,-0.0125,0.391570713825094,-0.168987740655774,-5.4311672199416,-4.68273952888659
0,0,regi,2,2,1,13,13,13,1,0.994050272943864,1.0989280217785,-0.714378070074247,0.802332841748535,1.53785835433268,1.13941731226427,0.493543745540637,0.340569082731034,-0.0125,1.01574239484625,-0.280878340935755,-2.55649872993033,-2.48279719254917
0,0,regi,2,3,1,13,13,13,1,0.994050272943864,1.13976550634673,-0.905351278681833,0.848922540879245,1.67781010945617,1.22300520283485,1.93395718620136,1.76120995816816,-0.0125,0.70365655433567,-0.224933040795765,-3.99383297493596,-3.58276836071788
0,0,regi,3,1,1,13,13,13,1,0.994050272943864,0.556176469058158,-0.60984203583619,0.430146087087875,0.835594199721145,0.616442541368083,1.61012070617109,1.51770751522089,-0.0075,0.185758957155388,-0.0830900461426153,-2.56761642180094,-2.21742399360013
0,0,regi,3,2,1,13,13,13,1,0.994050272943864,0.516386099478848,-0.432435881959256,0.360622068725964,0.723752437854383,0.531945001597757,0.206640943476023,0.130446172239548,-0.0075,0.489842596627231,-0.137600851407222,-1.16713690102622,-1.14565721435882
0,0,regi,3,3,1,13,13,13,1,0.994050272943864,0.536281284268503,-0.521138958897724,0.39538407790692,0.779673318787764,0.57419377148292,0.908380824823558,0.824076843730228,-0.0075,0.337800776891309,-0.110345448774919,-1.86737666141358,-1.68154060397948
0,0,friss,1,1,1,15,13,13,0,1.03198822010021,1.21821065920104,1.72954796765354,5.50679626781656,15.299725002548,12.4827282677055,2.56518438453814,2.04066890257059,-0.01,0.955835052595554,-0.848170253488318,-3.44655417150453,-3.59425089260674
0,0,friss,1,2,1,15,13,13,0,1.03198822010021,1.34873034589922,0.096772285170442,1.7815148553743,6.69009067301157,4.98910415059718,0.471164617256169,-6.2304287327162,-0.01,1.50301690987873,-0.92335988469589,-1.32325711844617,-2.0133678197568
0,0,friss,1,3,1,15,13,13,0,1.03198822010021,1.28347050255013,0.913160126411999,3.64415556159544,10.9949078377797,8.73591620915131,1.51817450089715,-2.09487991507275,-0.01,1.22942598123714,-0.885765069092103,-2.38490564497535,-2.80380935618177
0,0,friss,2,1,1,15,13,13,0,1.03198822010021,1.65713188099659,2.41779903857038,7.32653753153954,20.651340042129,16.777272921257,3.47432844180839,1.99391423298754,-0.0125,1.301327814227,-1.1524412720204,-4.67837465213331,-4.87980165415592
0,0,friss,2,2,1,15,13,13,0,1.03198822010021,1.83265835621139,0.326435422595794,2.56781532106986,9.3037832409531,6.98639262940597,0.65823289270505,-8.08564278479402,-0.0125,2.03719307057334,-1.25355836226507,-1.82290620146861,-2.7537864872198
0,0,friss,2,3,1,15,13,13,0,1.03198822010021,1.74489511860399,1.37211723058312,4.94717642630478,14.9775616415412,11.8818327753316,2.06628066725672,-3.0458642759029,-0.0125,1.66926044240017,-1.20299981714273,-3.25064042680096,-3.81679407068786
0,0,friss,3,1,1,15,13,13,0,1.03198822010021,0.779289437405481,1.04129689673668,3.68705500409354,9.94810996296685,8.18818361415391,1.65604032726789,2.08742357215346,-0.0075,0.610342290964108,-0.543899234956234,-2.21473369087576,-2.30870013105755
0,0,friss,3,2,1,15,13,13,0,1.03198822010021,0.864802335587051,-0.132890852254961,0.995214389678615,4.07639810506978,2.99181567178817,0.284096341807287,-4.37521468063878,-0.0075,0.968840749184122,-0.593161407126712,-0.823608035423732,-1.2729491522938
0,0,friss,3,3,1,15,13,13,0,1.03198822010021,0.822045886496266,0.454203022240878,2.34113469688612,7.0122540340184,5.58999964297112,0.970068334537588,-1.14389555424252,-0.0075,0.789591520074115,-0.568530321041473,-1.51917086314975,-1.79082464167567
0,1,regi,1,1,1,13,13,13,1,0.951194330917527,4.45866876660372,-2.01987858158991,-0.35517953914754,0.961227394631771,0.674171850195467,6.18783333029591,0.595230013869201,-2.5,12.6755832406559,-7.66355224557842,1.28280051731357,-8.34649289687526
0,1,regi,1,2,1,13,13,13,1,0.951194330917527,4.39793609724583,-1.70525640826856,-0.314375358596627,0.858189149939661,0.621903757263965,4.04568000828765,-1.58070807564304,-2.5,13.1397109009024,-7.74675294835071,3.42037452270656,-6.71063833908589
0,1,regi,1,3,1,13,13,13,1,0.951194330917527,4.42830243192478,-1.86256749492928,-0.334777448872118,0.909708272285707,0.648037803729702,5.11675666929178,-0.492739030886859,-2.5,12.9076470707791,-7.70515259696457,2.35158752001007,-7.52856561798058
0,1,regi,2,1,1,13,13,13,1,0.951194330917527,5.66845178668645,-2.57549455832854,-0.390539286434477,1.30703769807057,0.936470345354069,7.99385520658628,1.01138440616548,-3.125,15.8752187202823,-9.59087943087988,1.1715732027895,-10.8032534484265
0,1,regi,2,2,1,13,13,13,1,0.951194330917527,5.58677681754997,-2.1398024749357,-0.324007683350222,1.16917625813454,0.867896445858645,5.11302832526482,-1.91479105608642,-3.125,16.4993904013034,-9.70277003115985,4.04624169280077,-8.60331111208908
0,1,regi,2,3,1,13,13,13,1,0.951194330917527,5.62761430211821,-2.35764851663206,-0.357273484892304,1.23810697810257,0.902183395606383,6.55344176592555,-0.451703324960538,-3.125,16.1873045607928,-9.64682473101987,2.60890744779513,-9.7032822802578
0,1,regi,3,1,1,13,13,13,1,0.951194330917527,3.24888574652106,-1.46426260485135,-0.319819791860679,0.615417091192914,0.411873355036806,4.38181145400561,0.17907562157287,-1.875,9.47594776102973,-5.7362250602771,1.39402783183773,-5.8897323453241
0,1,regi,3,2,1,13,13,13,1,0.951194330917527,3.20909537694175,-1.27071034160153,-0.304743033843118,0.547202041744705,0.375911068669208,2.97833169131054,-1.2466250951997,-1.875,9.78003140050157,-5.79073586554171,2.79450735261246,-4.81796556608279
0,1,regi,3,3,1,13,13,13,1,0.951194330917527,3.2289905617314,-1.36748647322648,-0.312281412851924,0.5813095664688,0.393892211852993,3.68007157265808,-0.533774736813377,-1.875,9.62798958076565,-5.7634804629094,2.09426759222509,-5.35384895570345
0,1,friss,1,1,1,13,13,13,1,0.963642601416574,8.28880516306105,-3.368074756574,-0.650030368116204,1.48782329547034,1.05813431990629,5.8097027389112,0.737279651396198,-2.5,12.532197998197,-8.41702786304738,1.9352179970688,-7.97188808796117
0,1,friss,1,2,1,13,13,13,1,0.963642601416574,8.41932484975923,-2.92616920623873,-0.51057258518894,1.5831525950984,1.15164233201386,3.71568297162922,-1.40243405988185,-2.5,13.0793798554802,-8.49221749425495,4.05851505012716,-6.39100501511123
0,1,friss,1,3,1,13,13,13,1,0.963642601416574,8.35406500641014,-3.14712198140648,-0.580301476652671,1.53548794528432,1.10488832596001,4.76269285527021,-0.332577204242774,-2.5,12.8057889268386,-8.45462267865116,2.99686652359797,-7.1814465515362
0,1,friss,2,1,1,13,13,13,1,0.963642601416574,10.4953750108217,-4.21286246908642,-0.670574968333502,2.01001547971222,1.47477581081465,7.52997638477474,1.20576894510503,-3.125,15.7717814962289,-10.6135132839693,2.04884055858341,-10.351848148349
0,1,friss,2,2,1,13,13,13,1,0.963642601416574,10.6709014860365,-3.60992924283791,-0.47732495814404,2.14241980549534,1.60474554540594,4.71388083567139,-1.67026315670015,-3.125,16.5076467525752,-10.714630374214,4.90430900924809,-8.22583298141287
0,1,friss,2,3,1,13,13,13,1,0.963642601416574,10.5831382484291,-3.91139585596238,-0.573949963238928,2.07621764260372,1.53976067811022,6.12192861022307,-0.232247105797434,-3.125,16.1397141244021,-10.6640718290916,3.47657478391575,-9.28884056488094
0,1,friss,3,1,1,13,13,13,1,0.963642601416574,6.08223531530055,-2.52328704406184,-0.629485767899136,0.965631111228292,0.641492828997757,4.08942909304771,0.268790357687378,-1.875,9.29261450016528,-6.2205424421256,1.82159543555428,-5.59192802757341
0,1,friss,3,2,1,13,13,13,1,0.963642601416574,6.16774821348212,-2.24240916963945,-0.54382021223382,1.02388538470139,0.698539118621731,2.71748510758711,-1.13460496306374,-1.875,9.6511129583853,-6.26980461429608,3.21272109100631,-4.55617704880966
0,1,friss,3,3,1,13,13,13,1,0.963642601416574,6.12499176439134,-2.3828481068506,-0.586652990066444,0.994758247964854,0.670015973809763,3.40345710031741,-0.432907302688206,-1.875,9.47186372927529,-6.24517352821084,2.5171582632803,-5.07405253819154
1,0,regi,1,1,1,13,13,13,1,0.994050272943864,0.85397093867485,-0.870496487390795,0.678225213315946,1.29504839499177,0.953391016117845,2.47740394899137,2.34012388136286,0,0.23891817522853,-0.0957677554386349,-4.02060544471941,-3.43041745949384
1,0,regi,1,2,1,13,13,13,1,0.994050272943864,0.793238269316956,-0.590820201844741,0.596873505004281,1.0991757589349,0.827554355662097,0.335250626983112,0.225852334435052,0,0.703045835475028,-0.178968458210929,-1.88303143932641,-1.79456290170447
1,0,regi,1,3,1,13,13,13,1,0.994050272943864,0.823604603995903,-0.730658344617769,0.637549359160114,1.19711207696333,0.890472685889972,1.40632728798724,1.28298810789896,0,0.47098200535178,-0.137368106824782,-2.95181844202291,-2.61249018059915
1,0,regi,2,1,1,13,13,13,1,0.994050272943864,1.16257950177533,-1.11809101957441,0.914757302218744,1.77822481813137,1.2964345918193,3.35581847995557,3.16978171729251,0,0.329387388497956,-0.131148818205073,-5.45768424975177,-4.65815915169969
1,0,regi,2,2,1,13,13,13,1,0.994050272943864,1.08090453263885,-0.736144602359237,0.82157790395732,1.49832130788438,1.12925881067812,0.474991598634114,0.328499966418243,0,0.953559069519109,-0.243039418485056,-2.5830157597405,-2.45821681536226
1,0,regi,2,3,1,13,13,13,1,0.994050272943864,1.12174201720709,-0.92711781096682,0.868167603088034,1.63827306300788,1.21284670124871,1.91540503929484,1.74914084185537,0,0.641473229008532,-0.187094118345065,-4.02035000474613,-3.55818798353097
1,0,regi,3,1,1,13,13,13,1,0.994050272943864,0.545362375574371,-0.622901955207183,0.44169312441315,0.811871971852167,0.610347440416397,1.59898941802718,1.51046604543322,0,0.148448961959105,-0.0603866926721956,-2.58352663968704,-2.20267576728799
1,0,regi,3,2,1,13,13,13,1,0.994050272943864,0.505572005995061,-0.445495801330248,0.372169106051237,0.700030209985406,0.52584990064607,0.19550965533211,0.123204702451869,0,0.452532601430948,-0.114897497936802,-1.18304711891232,-1.13090898804668
1,0,regi,3,3,1,13,13,13,1,0.994050272943864,0.525467190784716,-0.534198878268715,0.406931115232192,0.755951090918786,0.568098670531232,0.897249536679644,0.816835373942542,0,0.300490781695027,-0.0876420953044988,-1.88328687929968,-1.66679237766733
1,0,friss,1,1,1,15,13,13,0,1.03198822010021,1.18981469733814,1.8708151181269,5.75284502660732,15.6450683079703,12.838681916496,2.55215419034387,2.89210806110012,0,0.909343635143339,-0.817773234976032,-3.46816771435021,-3.57667002033624
1,0,friss,1,2,1,15,13,13,0,1.03198822010021,1.32033438403633,0.238039435643806,2.02756361416506,7.0354339784339,5.34505779938775,0.458134423061899,-5.37898957418662,0,1.45652549242652,-0.892962866183604,-1.34487066129185,-1.9957869474863
1,0,friss,1,3,1,15,13,13,0,1.03198822010021,1.25507454068724,1.05442727688536,3.89020432038619,11.3402511432021,9.09186985794187,1.50514430670289,-1.24344075654327,0,1.18293456378493,-0.855368050579818,-2.40651918782103,-2.78622848391127
1,0,friss,2,1,1,15,13,13,0,1.03198822010021,1.62163692866798,2.59438297666209,7.634098480028,21.0830191739069,17.2222149822452,3.45804069906556,3.05821318114964,0,1.24321354241173,-1.11444499888004,-4.7053915806904,-4.8578255638178
1,0,friss,2,2,1,15,13,13,0,1.03198822010021,1.79716340388278,0.503019360687532,2.87537626955838,9.73546237273115,7.4313346903943,0.641945149962214,-7.02134383663186,0,1.97907879875807,-1.21556208912471,-1.84992313002571,-2.73181039688167
1,0,friss,2,3,1,15,13,13,0,1.03198822010021,1.70940016627538,1.5487011686748,5.25473737479316,15.409240773319,12.3267748363197,2.04999292451388,-1.98156532774123,0,1.6111461705849,-1.16500354400238,-3.27765735535805,-3.79481798034973
1,0,friss,3,1,1,15,13,13,0,1.03198822010021,0.757992466008312,1.14724725959171,3.87159157318663,10.2071174420336,8.45514885074687,1.64626768162219,2.72600294105068,0,0.575473727874948,-0.52110147107202,-2.23094384801002,-2.29551447685468
1,0,friss,3,2,1,15,13,13,0,1.03198822010021,0.843505364189882,-0.0269404893999308,1.17975095877171,4.33540558413658,3.25878090838114,0.274323696161585,-3.73663531174155,0,0.933972186094961,-0.570363643242498,-0.83981819255799,-1.25976349809092
1,0,friss,3,3,1,15,13,13,0,1.03198822010021,0.800748915099097,0.560153385095897,2.52567126597918,7.27126151308513,5.85696487956403,0.960295688891887,-0.505316185345376,0,0.754722956984954,-0.545732557157259,-1.535381020284,-1.7776389874728
1,1,regi,1,1,1,13,13,13,1,0.951194330917527,0.85397093867485,-1.11414735761354,0.498029237683705,0.870687613521245,0.759569420052176,2.47740394899137,2.40106165696552,0,0.23891817522853,-0.0957677554386349,-4.02060544471941,-3.43041745949384
1,1,regi,1,2,1,13,13,13,1,0.951194330917527,0.793238269316956,-0.799525184292293,0.538833418234552,0.767649368829116,0.707301327120643,0.335250626983112,0.225123567453396,0,0.703045835475028,-0.178968458210929,-1.88303143932641,-1.79456290170447
1,1,regi,1,3,1,13,13,13,1,0.951194330917527,0.823604603995903,-0.956836270952919,0.518431327959128,0.819168491175181,0.73343537358641,1.40632728798724,1.31309261220946,0,0.47098200535178,-0.137368106824782,-2.95181844202291,-2.61249018059915
1,1,regi,2,1,1,13,13,13,1,0.951194330917527,1.16257950177533,-1.44333052835803,0.675971684604638,1.19386297168246,1.043217307675,3.35581847995557,3.26867396003592,0,0.329387388497956,-0.131148818205073,-5.45768424975177,-4.65815915169969
1,1,regi,2,2,1,13,13,13,1,0.951194330917527,1.08090453263885,-1.00763844496529,0.742503287688808,1.05600153174641,0.974643408179544,0.474991598634114,0.342498497784165,0,0.953559069519109,-0.243039418485056,-2.5830157597405,-2.45821681536226
1,1,regi,2,3,1,13,13,13,1,0.951194330917527,1.12174201720709,-1.22548448666165,0.709237486146725,1.12493225171444,1.00893035792727,1.91540503929484,1.80558622891003,0,0.641473229008532,-0.187094118345065,-4.02035000474613,-3.55818798353097
1,1,regi,3,1,1,13,13,13,1,0.951194330917527,0.545362375574371,-0.784964186869058,0.320086790762773,0.547512255360038,0.475921532429355,1.59898941802718,1.53344935389514,0,0.148448961959105,-0.0603866926721956,-2.58352663968704,-2.20267576728799
1,1,regi,3,2,1,13,13,13,1,0.951194330917527,0.505572005995061,-0.591411923619297,0.335163548780291,0.479297205911818,0.439959246061737,0.19550965533211,0.107748637122631,0,0.452532601430948,-0.114897497936802,-1.18304711891232,-1.13090898804668
1,1,regi,3,3,1,13,13,13,1,0.951194330917527,0.525467190784716,-0.688188055244178,0.327625169771531,0.513404730635927,0.457940389245545,0.897249536679644,0.820598995508882,0,0.300490781695027,-0.0876420953044988,-1.88328687929968,-1.66679237766733
1,1,friss,1,1,1,13,13,13,1,0.963642601416574,1.18981469733814,-1.01562461710602,0.770529606139164,1.00762720132154,0.99481295495226,2.55215419034387,2.43445453645693,0,0.909343635143339,-0.817773234976032,-3.46816771435021,-3.57667002033624
1,1,friss,1,2,1,13,13,13,1,0.963642601416574,1.32033438403633,-0.573719066770533,0.909987389066592,1.10295650094968,1.08832096705992,0.458134423061899,0.29474082517876,0,1.45652549242652,-0.892962866183604,-1.34487066129185,-1.9957869474863
1,1,friss,1,3,1,13,13,13,1,0.963642601416574,1.25507454068724,-0.794671841938252,0.840258497602897,1.05529185113562,1.0415669610061,1.50514430670289,1.36459768081783,0,1.18293456378493,-0.855368050579818,-2.40651918782103,-2.78622848391127
1,1,friss,2,1,1,13,13,13,1,0.963642601416574,1.62163692866798,-1.27229979475126,1.10512499948588,1.40977036202635,1.39562410462224,3.45804069906556,3.32723755143093,0,1.24321354241173,-1.11444499888004,-4.7053915806904,-4.8578255638178
1,1,friss,2,2,1,13,13,13,1,0.963642601416574,1.79716340388278,-0.669366568502768,1.29837500967533,1.54217468780948,1.52559383921354,0.641945149962214,0.451205449625763,0,1.97907879875807,-1.21556208912471,-1.84992313002571,-2.73181039688167
1,1,friss,2,3,1,13,13,13,1,0.963642601416574,1.70940016627538,-0.970833181627017,1.20175000458061,1.47597252491791,1.46060897191789,2.04999292451388,1.88922150052836,0,1.6111461705849,-1.16500354400238,-3.27765735535805,-3.79481798034973
1,1,friss,3,1,1,13,13,13,1,0.963642601416574,0.757992466008312,-0.75894943946075,0.435934212792475,0.605484040616749,0.594001805282293,1.64626768162219,1.5416715214829,0,0.575473727874948,-0.52110147107202,-2.23094384801002,-2.29551447685468
1,1,friss,3,2,1,13,13,13,1,0.963642601416574,0.843505364189882,-0.478071565038268,0.52159976845787,0.663738314089883,0.651048094906315,0.274323696161585,0.138276200731742,0,0.933972186094961,-0.570363643242498,-0.83981819255799,-1.25976349809092
1,1,friss,3,3,1,13,13,13,1,0.963642601416574,0.800748915099097,-0.618510502249515,0.478766990625167,0.634611177353313,0.622524950094301,0.960295688891887,0.839973861107324,0,0.754722956984954,-0.545732557157259,-1.535381020284,-1.7776389874728
2,0,regi,1,1,1,13,13,13,1,0.994050272943864,0.85397093867485,-0.152379302522778,0.89536986319357,1.14527167070502,0.983236644149454,2.47740394899137,2.38623401083027,0,0.23891817522853,-0.0957677554386349,-4.02060544471941,-3.43041745949384
2,0,regi,1,2,1,13,13,13,1,0.994050272943864,0.793238269316956,0.127296983023277,0.814018154881905,0.949399034648147,0.857399983693708,0.335250626983112,0.27196246390247,0,0.703045835475028,-0.178968458210929,-1.88303143932641,-1.79456290170447
2,0,regi,1,3,1,13,13,13,1,0.994050272943864,0.823604603995903,-0.012541159749751,0.854694009037737,1.04733535267659,0.920318313921581,1.40632728798724,1.32909823736638,0,0.47098200535178,-0.137368106824782,-2.95181844202291,-2.61249018059915
2,0,regi,2,1,1,13,13,13,1,0.994050272943864,1.16257950177533,-0.220444538489391,1.18618811456577,1.59100391277294,1.33374162685881,3.35581847995557,3.22741937912678,0,0.329387388497956,-0.131148818205073,-5.45768424975177,-4.65815915169969
2,0,regi,2,2,1,13,13,13,1,0.994050272943864,1.08090453263885,0.161501878725785,1.09300871630435,1.31110040252595,1.16656584571763,0.474991598634114,0.386137628252514,0,0.953559069519109,-0.243039418485056,-2.5830157597405,-2.45821681536226
2,0,regi,2,3,1,13,13,13,1,0.994050272943864,1.12174201720709,-0.0294713298817972,1.13959841543506,1.45105215764944,1.25015373628822,1.91540503929484,1.80677850368964,0,0.641473229008532,-0.187094118345065,-4.02035000474613,-3.55818798353097
2,0,regi,3,1,1,13,13,13,1,0.994050272943864,0.545362375574371,-0.084314066556169,0.604551611821368,0.699539428637106,0.632731661440105,1.59898941802718,1.54504864253378,0,0.148448961959105,-0.0603866926721956,-2.58352663968704,-2.20267576728799
2,0,regi,3,2,1,13,13,13,1,0.994050272943864,0.505572005995061,0.0930920873207655,0.535027593459455,0.587697666770345,0.548234121669777,0.19550965533211,0.157787299552432,0,0.452532601430948,-0.114897497936802,-1.18304711891232,-1.13090898804668
2,0,regi,3,3,1,13,13,13,1,0.994050272943864,0.525467190784716,0.00438901038229758,0.569789602640411,0.643618547703724,0.59048289155494,0.897249536679644,0.851417971043106,0,0.300490781695027,-0.0876420953044988,-1.88328687929968,-1.66679237766733
2,0,friss,1,1,1,15,13,13,0,1.03198822010021,1.18981469733814,4.40346952134693,8.94573008005912,18.7553060651143,16.5119692344619,2.55215419034387,14.9442629625627,0,0.909343635143339,-0.817773234976032,-3.46816771435021,-3.57667002033624
2,0,friss,1,2,1,15,13,13,0,1.03198822010021,1.32033438403633,2.77069383886378,5.22044866761675,10.1456717355777,9.01834511735342,0.458134423061899,6.67316532727562,0,1.45652549242652,-0.892962866183604,-1.34487066129185,-1.9957869474863
2,0,friss,1,3,1,15,13,13,0,1.03198822010021,1.25507454068724,3.58708168010533,7.08308937383789,14.4504889003459,12.7651571759075,1.50514430670289,10.8087141449191,0,1.18293456378493,-0.855368050579818,-2.40651918782103,-2.78622848391127
2,0,friss,2,1,1,15,13,13,0,1.03198822010021,1.62163692866798,5.76020098068713,11.6252047968428,24.970816370337,21.8138241297025,3.45804069906556,18.1234068079779,0,1.24321354241173,-1.11444499888004,-4.7053915806904,-4.8578255638178
2,0,friss,2,2,1,15,13,13,0,1.03198822010021,1.79716340388278,3.66883736471254,6.86648258637307,13.623259569161,12.0229438378515,0.641945149962214,8.04384979019625,0,1.97907879875807,-1.21556208912471,-1.84992313002571,-2.73181039688167
2,0,friss,2,3,1,15,13,13,0,1.03198822010021,1.70940016627538,4.71451917269984,9.24584369160793,19.297037969749,16.918383983777,2.04999292451388,13.0836282990871,0,1.6111461705849,-1.16500354400238,-3.27765735535805,-3.79481798034973
2,0,friss,3,1,1,15,13,13,0,1.03198822010021,0.757992466008312,3.04673806200671,6.26625536327544,12.5397957598916,11.2101143392212,1.64626768162219,11.7651191171475,0,0.575473727874948,-0.52110147107202,-2.23094384801002,-2.29551447685468
2,0,friss,3,2,1,15,13,13,0,1.03198822010021,0.843505364189882,1.87255031301508,3.57441474886053,6.66808390199454,6.01374639685549,0.274323696161585,5.30248086435532,0,0.933972186094961,-0.570363643242498,-0.83981819255799,-1.25976349809092
2,0,friss,3,3,1,15,13,13,0,1.03198822010021,0.800748915099097,2.45964418751089,4.92033505606797,9.60393983094302,8.6119303680383,0.960295688891887,8.53379999075137,0,0.754722956984954,-0.545732557157259,-1.535381020284,-1.7776389874728
2,1,regi,1,1,1,13,13,13,1,0.951194330917527,0.85397093867485,-0.208625527584111,0.675921253588911,0.965642373576642,0.872875561951395,2.47740394899137,2.56384500394062,0,0.23891817522853,-0.0957677554386349,-4.02060544471941,-3.43041745949384
2,1,regi,1,2,1,13,13,13,1,0.951194330917527,0.793238269316956,0.105996645737137,0.716725434139759,0.862604128884513,0.820607469019862,0.335250626983112,0.387906914428498,0,0.703045835475028,-0.178968458210929,-1.88303143932641,-1.79456290170447
2,1,regi,1,3,1,13,13,13,1,0.951194330917527,0.823604603995903,-0.0513144409234893,0.696323343864335,0.914123251230578,0.846741515485629,1.40632728798724,1.47587595918457,0,0.47098200535178,-0.137368106824782,-2.95181844202291,-2.61249018059915
2,1,regi,2,1,1,13,13,13,1,0.951194330917527,1.16257950177533,-0.311428240821242,0.898336704486146,1.3125564217517,1.18484998504903,3.35581847995557,3.4721531437548,0,0.329387388497956,-0.131148818205073,-5.45768424975177,-4.65815915169969
2,1,regi,2,2,1,13,13,13,1,0.951194330917527,1.08090453263885,0.124263842571495,0.964868307570317,1.17469498181566,1.11627608555357,0.474991598634114,0.545977681503043,0,0.953559069519109,-0.243039418485056,-2.5830157597405,-2.45821681536226
2,1,regi,2,3,1,13,13,13,1,0.951194330917527,1.12174201720709,-0.093582199124867,0.931602506028234,1.24362570178368,1.1505630353013,1.91540503929484,2.00906541262891,0,0.641473229008532,-0.187094118345065,-4.02035000474613,-3.55818798353097
2,1,regi,3,1,1,13,13,13,1,0.951194330917527,0.545362375574371,-0.105822814346986,0.453505802691679,0.618728325401585,0.560901138853769,1.59898941802718,1.65553686412646,0,0.148448961959105,-0.0603866926721956,-2.58352663968704,-2.20267576728799
2,1,regi,3,2,1,13,13,13,1,0.951194330917527,0.505572005995061,0.0877294489027751,0.468582560709196,0.550513275953365,0.524938852486151,0.19550965533211,0.229836147353958,0,0.452532601430948,-0.114897497936802,-1.18304711891232,-1.13090898804668
2,1,regi,3,3,1,13,13,13,1,0.951194330917527,0.525467190784716,-0.0090466827221059,0.461044181700436,0.584620800677474,0.542919995669959,0.897249536679644,0.942686505740209,0,0.300490781695027,-0.0876420953044988,-1.88328687929968,-1.66679237766733
2,1,friss,1,1,1,13,13,13,1,0.963642601416574,1.18981469733814,0.125675139279448,1.37784023147136,1.42129689762598,1.43910842331431,2.55215419034387,2.74227847185236,0,0.909343635143339,-0.817773234976032,-3.46816771435021,-3.57667002033624
2,1,friss,1,2,1,13,13,13,1,0.963642601416574,1.32033438403633,0.567580689614939,1.51729801439879,1.51662619725412,1.53261643542197,0.458134423061899,0.602564760574185,0,1.45652549242652,-0.892962866183604,-1.34487066129185,-1.9957869474863
2,1,friss,1,3,1,13,13,13,1,0.963642601416574,1.25507454068724,0.34662791444722,1.44756912293509,1.46896154744006,1.48586242936815,1.50514430670289,1.67242161621326,0,1.18293456378493,-0.855368050579818,-2.40651918782103,-2.78622848391127
2,1,friss,2,1,1,13,13,13,1,0.963642601416574,1.62163692866798,0.154324900730583,1.86426328115113,1.92685748240689,1.9509934400748,3.45804069906556,3.71201747067521,0,1.24321354241173,-1.11444499888004,-4.7053915806904,-4.8578255638178
2,1,friss,2,2,1,13,13,13,1,0.963642601416574,1.79716340388278,0.75725812697907,2.05751329134058,2.05926180819003,2.0809631746661,0.641945149962214,0.835985368870045,0,1.97907879875807,-1.21556208912471,-1.84992313002571,-2.73181039688167
2,1,friss,2,3,1,13,13,13,1,0.963642601416574,1.70940016627538,0.455791513854822,1.96088828624585,1.99305964529846,2.01597830737045,2.04999292451388,2.27400141977264,0,1.6111461705849,-1.16500354400238,-3.27765735535805,-3.79481798034973
2,1,friss,3,1,1,13,13,13,1,0.963642601416574,0.757992466008312,0.0970253778283533,0.891417181791623,0.91573631284508,0.927223406553829,1.64626768162219,1.77253947302947,0,0.575473727874948,-0.52110147107202,-2.23094384801002,-2.29551447685468
2,1,friss,3,2,1,13,13,13,1,0.963642601416574,0.843505364189882,0.377903252250835,0.977082737457018,0.973990586318213,0.984269696177851,0.274323696161585,0.369144152278311,0,0.933972186094961,-0.570363643242498,-0.83981819255799,-1.25976349809092
2,1,friss,3,3,1,13,13,13,1,0.963642601416574,0.800748915099097,0.237464315039588,0.934249959624315,0.944863449581644,0.955746551365837,0.960295688891887,1.07084181265389,0,0.754722956984954,-0.545732557157259,-1.535381020284,-1.7776389874728
